"fips","pre_covid_cases","post_covid_cases","pre_week_diff"
"45001",91,86,-5
"22001",68,116,4
"51001",21,21,5
"16001",1023,2283,209
"19001",17,87,-1
"21001",27,123,-5
"29001",54,139,12
"40001",94,113,-14
"08001",1173,3323,197
"16003",3,33,-1
"17001",285,679,49
"18001",57,220,5
"19003",11,21,-1
"28001",68,74,-22
"31001",92,214,16
"38001",7,40,-3
"39001",25,73,1
"42001",94,187,-10
"53001",97,26,-1
"55001",87,229,7
"50001",2,9,0
"72001",9,26,5
"72003",67,60,1
"72005",64,102,-10
"72007",57,51,9
"72009",20,29,2
"45003",1725,362,-1213
"27001",20,74,8
"12001",1479,1226,-363
"37001",376,640,-8
"06001",1286,1367,-198
"08003",3,67,1
"36001",172,322,-18
"56001",294,495,4
"51003",161,140,45
"26001",6,5,6
"28003",88,123,8
"02013",1,0,1
"02016",2,2,-2
"17003",23,42,1
"37003",59,290,19
"51510",224,217,-2
"40003",35,25,-15
"26003",2,42,-2
"19005",38,101,-14
"26005",72,419,12
"24001",43,192,-3
"36003",20,148,10
"37005",20,45,14
"51005",2,31,2
"42003",917,1801,45
"18003",669,1733,35
"20001",40,19,10
"21003",73,88,35
"22003",73,58,29
"39003",155,620,17
"45005",60,-2,-10
"26007",13,27,-19
"06003",0,1,0
"06005",12,29,2
"51007",3,10,-3
"51009",49,102,-5
"28005",39,23,3
"72011",20,61,-6
"02020",804,2025,198
"20003",26,92,-2
"21005",31,58,3
"45007",742,746,-60
"47001",161,350,-19
"48001",33,64,-13
"29003",76,90,-22
"48003",19,120,1
"23001",81,38,7
"48005",158,169,32
"24003",720,964,-4
"27003",877,1858,69
"37007",88,41,28
"31003",36,38,-6
"26009",6,51,0
"04001",144,241,12
"19007",28,64,2
"13001",73,63,-23
"51011",18,41,-2
"48007",16,11,-10
"08005",803,2296,29
"48009",19,55,-3
"08007",6,10,-8
"72013",241,136,-55
"26011",4,25,0
"05001",99,106,11
"51013",216,368,20
"42005",54,190,-6
"48011",1,9,-1
"23003",1,10,-1
"72015",21,18,-3
"31005",0,2,0
"22005",157,291,3
"37009",23,96,11
"39005",55,124,5
"55003",85,77,27
"05003",30,64,-14
"39007",30,135,-8
"53003",52,100,14
"22007",29,22,-17
"48013",526,40,-540
"20005",50,77,-2
"29005",12,12,-6
"39009",200,240,42
"13003",10,17,2
"34001",208,614,68
"40005",66,84,-20
"28007",39,56,-1
"29007",277,98,205
"19009",42,57,-12
"39011",104,351,12
"51015",69,94,15
"46003",17,40,11
"48015",30,9,-6
"01001",172,175,-20
"37011",55,147,9
"22009",89,101,-13
"08009",1,10,1
"13005",24,25,-20
"48017",21,55,3
"12003",131,121,-15
"13007",10,9,0
"41001",9,32,5
"01003",637,555,361
"13009",174,95,-62
"21007",7,14,-1
"24005",829,1464,-1
"24510",543,1170,55
"45009",60,29,-18
"48019",46,10,-42
"13011",41,33,-11
"31007",0,2,0
"16005",314,825,124
"26013",23,49,9
"20007",4,39,2
"01005",87,88,3
"54001",42,29,24
"72017",96,25,-32
"38003",45,116,9
"25001",96,132,32
"45011",149,37,-15
"72019",110,97,38
"21009",189,370,-45
"55005",88,498,44
"13013",196,220,-6
"26015",56,270,30
"29009",86,231,-2
"18005",76,210,24
"20009",120,127,12
"29011",46,71,6
"13015",197,473,9
"48021",146,75,-68
"29013",36,43,12
"21011",16,34,-10
"51017",11,4,7
"05005",140,194,-12
"12005",392,450,8
"26017",95,326,-11
"72021",797,632,61
"55007",46,88,10
"48023",6,4,0
"46005",141,291,43
"16007",6,17,-4
"37013",185,222,39
"45013",405,232,-37
"22011",43,36,15
"40007",13,17,7
"42007",120,185,38
"49001",5,19,1
"30001",27,51,21
"27005",53,205,5
"40009",367,181,69
"42009",26,91,-6
"47003",117,254,9
"51019",120,248,16
"48025",19,39,-21
"33001",13,52,-9
"21013",50,137,0
"48027",332,519,28
"39013",19,82,-1
"27007",118,269,52
"13017",70,44,10
"16009",19,17,1
"46007",22,83,-12
"50003",7,10,5
"38005",75,83,-35
"08011",0,6,0
"05007",716,929,-116
"18007",0,20,-2
"19011",87,197,-3
"27009",99,300,-7
"28009",25,74,-5
"29015",154,59,-16
"41003",83,52,-3
"47005",19,67,-3
"53005",226,363,-4
"26019",20,42,-12
"34003",478,1667,-14
"45015",275,400,-27
"54003",114,301,32
"42011",486,1379,8
"25003",26,48,-6
"35001",500,2846,174
"13019",31,23,-5
"26021",156,619,-10
"37015",84,57,16
"02050",29,209,5
"48029",7548,5158,528
"01007",52,95,0
"13021",236,246,-48
"22013",47,61,-11
"30003",131,277,-1
"56003",11,118,9
"27011",24,46,-4
"38007",10,2,-8
"16011",250,269,2
"19013",316,1053,-40
"18009",18,101,4
"37017",117,83,71
"16013",68,106,18
"30005",19,148,7
"31009",NA,0,NA
"40011",38,44,2
"42013",179,326,35
"48031",10,9,-8
"51021",0,9,-2
"13023",16,52,2
"47007",27,135,5
"01009",142,256,-44
"47009",213,553,43
"27013",217,203,5
"16015",5,11,1
"28011",123,89,-3
"29017",74,107,-30
"46009",22,769,2
"17005",80,100,12
"16017",85,88,-15
"16019",560,993,14
"05009",183,136,-7
"17007",169,476,-11
"18011",66,220,28
"19015",101,106,-25
"21015",163,401,-23
"29019",525,734,-33
"31011",36,35,-6
"54005",47,96,11
"48033",NA,1,NA
"48035",66,33,-10
"22015",365,518,-69
"51023",26,67,2
"38009",60,140,32
"08013",1452,799,-526
"16021",5,100,-1
"20011",62,43,-24
"21017",43,55,7
"48037",194,343,-42
"38011",16,50,0
"31013",40,118,2
"49003",85,247,-7
"21019",105,141,11
"31015",18,27,4
"21021",50,88,6
"21023",1,24,1
"12007",166,42,-16
"42015",52,398,20
"05011",15,19,-11
"47011",221,417,-11
"26023",85,192,7
"13025",14,114,-8
"54007",3,38,-3
"48039",668,519,-76
"48041",825,631,-5
"21025",14,38,0
"21027",19,45,7
"19017",66,148,10
"12009",952,1369,-10
"48043",8,5,4
"48045",2,7,2
"25005",515,1669,-3
"44001",32,97,-12
"02997",6,12,0
"51520",18,75,0
"30007",1,52,1
"54009",9,54,-3
"46011",170,383,-20
"13027",21,16,-5
"48047",34,16,0
"36007",245,878,141
"08014",81,274,5
"12011",2388,5648,-240
"17009",39,27,13
"18013",9,31,-11
"20013",48,68,18
"27015",47,80,-13
"31017",23,16,1
"39015",25,125,-1
"46013",281,410,65
"48049",91,119,-29
"55009",2731,3243,297
"46015",50,103,6
"37019",167,234,57
"51025",25,22,3
"13029",139,76,-83
"40013",225,307,1
"19019",82,131,-8
"29021",775,554,147
"51027",44,53,0
"51029",10,37,-2
"42017",534,810,0
"19021",113,131,15
"51530",10,5,6
"31019",223,422,-11
"46017",27,69,7
"55011",28,114,2
"21029",132,370,4
"13031",191,180,-83
"01011",27,20,-1
"37021",383,495,129
"17011",144,159,4
"13033",71,39,-7
"37023",161,267,57
"38013",9,37,-1
"38015",1008,1960,12
"48051",24,65,-8
"34005",385,857,-25
"48053",55,233,-1
"55013",120,60,-16
"31021",8,44,2
"01013",16,32,-4
"19023",30,82,0
"20015",157,278,1
"21031",25,47,-19
"29023",148,334,-64
"31023",22,103,6
"39017",806,1644,114
"42019",118,429,-18
"06007",153,144,-9
"16023",13,27,11
"46019",41,186,15
"13035",47,39,13
"37025",411,421,65
"54011",175,364,47
"72023",54,65,2
"49005",381,783,-45
"22017",653,730,-65
"40015",137,140,19
"72025",364,311,72
"06009",17,21,-1
"22019",247,323,-51
"21033",43,62,-5
"22021",4,33,0
"29025",44,32,8
"37027",149,490,51
"48055",100,40,-40
"50005",0,9,0
"01015",404,803,-68
"05013",5,13,-1
"12013",18,60,6
"13037",16,14,4
"17013",28,3,2
"19025",34,82,-2
"26025",318,1007,136
"28013",23,33,19
"45017",14,17,0
"48057",206,61,-196
"54013",3,4,-3
"48059",12,30,2
"29027",128,431,14
"21035",113,208,11
"55015",551,602,135
"24009",87,97,17
"16025",20,3,4
"42021",63,334,13
"13039",115,76,-9
"29029",278,236,-10
"34007",399,1034,-5
"37029",9,6,1
"22023",8,13,-8
"42023",0,1,0
"48061",600,618,-20
"48063",19,24,-1
"21037",90,316,-6
"46021",29,13,11
"47013",68,320,18
"51031",72,155,4
"56005",98,559,12
"72027",83,53,13
"40017",581,885,3
"13043",59,44,-17
"47015",50,70,-4
"72029",144,149,54
"16027",530,1187,78
"29031",599,496,113
"34009",43,63,-11
"30009",18,69,-4
"42025",30,71,-2
"49007",40,92,4
"56007",31,60,-11
"16029",50,94,4
"21039",10,10,-4
"27017",67,169,13
"72031",725,765,293
"24011",37,66,1
"51033",63,40,-19
"05015",128,107,32
"13045",256,448,-6
"17015",40,154,2
"18015",16,65,8
"19027",113,231,7
"21041",7,23,5
"24013",84,158,4
"28015",25,62,9
"29033",-3,49,-19
"33003",5,22,-3
"39019",7,65,-5
"47017",136,110,0
"51035",40,78,-6
"48065",10,7,8
"32510",43,143,-3
"21043",50,92,20
"29035",39,44,-21
"30011",NA,45,NA
"40019",85,193,-13
"47019",119,355,-3
"37031",137,198,75
"27019",167,270,-15
"30013",248,860,-38
"21045",12,72,0
"17017",41,29,-11
"18017",47,189,9
"19029",57,181,7
"26027",123,285,5
"27021",71,149,21
"29037",243,405,-11
"31025",52,134,-4
"38017",927,2279,43
"48067",72,93,2
"16031",152,373,72
"48069",20,40,4
"37033",86,85,-2
"22025",15,13,-5
"72033",102,76,24
"37035",338,745,68
"13047",148,150,-22
"35003",-2,1,2
"36009",31,134,5
"38019",10,30,-6
"72035",59,90,5
"36011",27,154,5
"24015",136,121,-16
"19031",48,186,-4
"29039",38,43,-6
"31027",16,27,2
"72037",44,32,20
"42027",1202,576,62
"19033",110,331,8
"08015",17,63,5
"01017",72,118,-2
"48071",126,74,-6
"17019",654,989,38
"39021",33,86,-5
"29041",8,16,6
"24017",170,217,-24
"51036",4,8,-4
"46023",50,117,6
"45019",656,815,-110
"26029",14,85,-6
"12015",187,357,21
"51037",10,28,-2
"51540",311,116,-29
"13049",35,13,-3
"20017",2,16,2
"31029",6,41,-4
"13051",589,479,-121
"37037",115,116,39
"13053",70,67,6
"13055",98,115,-8
"20019",3,8,3
"36013",63,205,15
"35005",247,408,65
"47021",53,191,-7
"26031",6,71,0
"53007",91,169,9
"36015",235,641,63
"36017",8,119,2
"01019",94,67,-20
"13057",486,654,14
"19035",101,80,-13
"20021",107,99,-5
"37039",100,55,24
"40021",195,138,-69
"45021",143,193,-37
"48073",62,41,-2
"31031",14,19,-4
"51550",231,280,-13
"33005",10,29,8
"42029",557,623,-43
"45023",49,101,7
"47023",109,41,-13
"45025",103,89,-25
"51041",425,644,-21
"08017",3,1,-1
"20023",54,43,-26
"31033",9,48,5
"19037",78,67,-10
"28017",64,64,-8
"05017",21,27,-9
"48075",9,34,3
"01021",181,159,-11
"26033",12,81,-4
"27023",53,132,7
"55017",154,855,40
"27025",109,404,3
"50007",15,97,-3
"01023",10,12,6
"28019",10,8,2
"40023",43,48,7
"30015",13,56,-3
"37041",83,51,15
"17021",236,141,-26
"21047",246,334,-14
"29043",377,418,-99
"32001",23,44,7
"72039",69,35,31
"35006",22,167,4
"72041",73,67,19
"40025",4,8,0
"12017",275,260,-77
"41005",280,427,24
"22027",34,21,-4
"28021",18,14,-6
"47025",38,61,-16
"53009",17,20,3
"26035",6,111,-4
"45027",61,41,-11
"42031",15,59,7
"05019",68,59,2
"16033",7,0,-1
"17023",42,81,16
"18019",267,504,7
"20025",2,14,2
"21049",34,121,12
"29045",11,25,3
"32003",4099,7947,463
"39023",195,542,23
"46025",12,66,6
"53011",448,683,20
"55019",124,363,30
"01025",66,151,12
"13059",365,443,-75
"19039",19,63,-3
"28023",92,81,-10
"51043",7,8,-3
"41007",116,16,72
"01027",87,88,-11
"05021",70,86,4
"12019",522,512,-10
"13061",3,7,1
"17025",24,67,10
"18021",31,108,3
"19041",85,97,-3
"20027",11,40,-5
"21051",62,184,-12
"27027",278,672,4
"28025",40,55,-12
"29047",169,469,-37
"31035",16,70,2
"37043",18,74,4
"46027",46,169,10
"47027",82,71,-26
"48077",6,38,-16
"54015",5,12,-3
"13063",147,633,-105
"19043",48,191,20
"08019",4,25,2
"42033",38,103,-4
"16035",26,26,0
"27029",8,79,4
"01029",103,77,43
"05023",39,60,7
"39025",202,646,-4
"05025",21,50,-7
"37045",381,464,9
"40027",963,1139,-137
"13065",35,44,-17
"17027",235,362,33
"18023",55,225,43
"19045",134,265,-16
"21053",27,76,7
"26037",98,392,-16
"29049",50,130,2
"36019",8,65,4
"39027",34,149,14
"42035",31,40,-17
"20029",9,71,5
"28027",86,47,-24
"40029",5,26,-5
"72043",69,77,15
"13067",1021,1315,-107
"04003",45,186,11
"48079",5,37,-1
"47029",40,283,4
"04005",542,658,152
"46029",282,354,-8
"01031",158,245,32
"13069",138,141,-16
"47031",298,345,-6
"20031",19,34,3
"48081",3,49,-1
"01033",124,256,-14
"29051",368,889,24
"48083",17,14,1
"17029",215,381,9
"31037",44,97,10
"35007",11,5,3
"45029",88,100,8
"12021",479,1050,-107
"48085",1440,1611,-16
"48087",1,2,1
"51570",22,34,4
"48089",21,10,-13
"13071",8,146,28
"05027",146,92,56
"12023",259,198,33
"13073",246,398,-14
"36021",18,88,2
"41009",39,36,19
"42037",72,52,20
"53013",0,2,0
"55021",230,622,32
"39029",59,184,13
"37047",121,175,25
"06011",37,12,-13
"48091",215,134,13
"20033",2,1,0
"40031",234,508,0
"48093",55,37,-35
"72045",56,26,-20
"48095",72,5,-54
"22029",15,53,-5
"01035",22,23,-6
"08021",4,26,4
"06013",1352,1040,-36
"56009",52,106,-8
"05029",39,27,-3
"13075",17,33,-3
"17031",9216,25760,462
"27031",1,12,1
"48097",73,66,17
"29053",94,109,2
"33007",1,42,-1
"41011",26,57,0
"01037",17,27,-3
"28029",54,76,12
"72047",157,136,-13
"46031",15,97,-9
"36023",47,180,-7
"48099",54,58,-12
"39031",5,107,1
"08023",0,4,0
"48101",4,7,4
"40033",4,20,0
"27033",18,46,2
"01039",144,175,20
"28031",45,99,-7
"51580",2,4,2
"13077",182,322,-18
"20035",88,101,-4
"53015",100,69,-2
"40035",111,50,-79
"51045",5,9,-1
"05031",622,764,12
"48103",1,4,1
"37049",491,318,265
"05033",321,298,3
"13079",3,8,-1
"17033",184,68,-52
"18025",13,37,3
"19047",181,109,-31
"20037",186,201,-12
"26039",9,21,-5
"29055",95,157,-29
"39033",41,218,1
"42039",53,187,-17
"55023",48,83,16
"40037",174,199,6
"01041",38,38,-2
"13081",47,32,17
"05035",137,315,-3
"21055",7,26,-7
"47033",77,201,-19
"48105",0,0,0
"41013",3,40,1
"56011",15,41,3
"48107",5,13,-1
"05037",69,71,-7
"27035",175,398,23
"08025",1,16,1
"48109",8,44,-6
"72049",0,1,0
"01043",125,529,-17
"51047",43,127,9
"17035",34,67,2
"21057",9,60,-1
"23005",71,186,13
"34011",101,145,-9
"37051",781,774,-37
"42041",207,331,43
"47035",123,249,-15
"51049",3,12,-1
"31039",52,85,16
"37053",47,10,-33
"35009",122,384,62
"41015",6,2,-4
"08027",0,3,0
"16037",13,8,9
"30017",32,144,-18
"31041",11,75,5
"40039",285,140,-15
"46033",26,72,-6
"39035",803,2315,-29
"13083",29,48,-13
"29057",27,21,7
"49009",0,0,0
"27037",829,1490,59
"31043",148,176,16
"01045",144,268,0
"48111",34,58,-8
"01047",74,53,6
"05039",14,3,2
"19049",232,383,8
"29059",33,126,-9
"48113",6714,7723,1086
"55025",2170,3268,18
"30019",2,27,-2
"51590",120,135,0
"37055",16,55,6
"39037",96,222,8
"45031",208,204,-42
"42043",238,558,8
"37057",317,419,21
"47037",1442,3484,-6
"37059",54,92,24
"18027",72,168,-12
"21059",247,296,-25
"29061",53,34,-3
"19051",20,43,-4
"49011",821,1773,159
"46035",148,345,50
"31045",16,68,6
"13085",61,48,5
"30021",15,117,-9
"31047",32,142,6
"48115",117,185,-11
"46037",32,48,6
"35011",0,1,0
"22031",45,58,-13
"17039",42,63,8
"48117",90,145,22
"18029",67,256,13
"13087",85,116,1
"18031",18,96,-6
"19053",9,49,-7
"20039",16,77,-8
"47039",113,75,-27
"30023",30,165,-24
"39039",71,142,25
"01049",168,543,4
"13089",1082,1475,32
"17037",258,658,18
"18033",80,224,-4
"29063",43,90,-3
"47041",40,136,12
"06015",9,8,3
"18035",268,654,24
"19055",161,191,39
"36025",7,24,1
"39041",297,424,11
"40041",136,177,32
"42045",527,1324,77
"08029",12,19,-8
"26041",321,383,145
"48119",5,3,3
"02068",6,12,4
"29065",40,45,-36
"48121",925,1852,19
"08031",1349,3552,23
"19057",113,367,31
"41017",141,181,27
"05041",32,60,0
"12027",31,62,9
"28033",418,927,16
"31049",0,6,0
"46039",19,53,-3
"40043",17,17,-7
"46041",50,130,16
"48123",52,26,-22
"48125",2,4,2
"51051",23,27,-5
"38021",42,124,12
"19059",93,145,9
"20041",117,78,35
"26043",91,308,29
"47043",149,292,-15
"02070",3,23,-1
"45033",148,66,-12
"48127",66,22,-60
"51053",56,68,-4
"11001",583,889,-31
"38023",2,31,2
"12029",31,40,-17
"31051",16,21,4
"54017",10,8,8
"13091",58,199,-26
"27039",87,71,21
"31053",202,277,6
"55027",494,1644,92
"08033",0,0,0
"35013",382,2104,78
"20043",27,38,9
"48129",7,5,3
"13093",28,22,-16
"55029",183,341,47
"72051",215,194,-29
"24019",48,147,-16
"45035",234,306,30
"13095",69,64,-7
"08035",433,890,-9
"13097",206,315,14
"17041",50,317,16
"20045",388,272,22
"27041",150,248,18
"29067",71,38,9
"31055",1673,3538,185
"32005",35,50,-3
"41019",49,67,-5
"46043",39,24,-9
"53017",45,49,7
"55031",157,146,55
"05043",15,52,3
"18037",107,286,17
"19061",973,1117,-7
"49013",6,64,2
"25007",4,15,-2
"31057",2,13,0
"29069",165,231,-11
"38025",48,24,-14
"55033",353,305,25
"17043",1482,4419,180
"37061",277,183,225
"37063",454,740,10
"36027",123,220,-27
"12031",1792,2546,-130
"48131",36,24,-8
"47045",245,482,-13
"08037",41,154,-5
"13099",46,38,4
"22033",491,566,-73
"22035",11,23,5
"22037",52,15,-14
"48133",27,42,3
"26045",100,351,20
"55035",666,1197,-70
"13101",3,6,1
"48135",369,934,-13
"35015",216,397,36
"38027",29,64,11
"17045",11,31,-1
"37065",175,305,19
"45037",302,61,-250
"21061",14,34,0
"46045",26,30,-10
"17047",11,21,-3
"20047",11,23,3
"48137",33,6,-33
"13103",131,197,-31
"17049",107,241,-13
"06017",97,105,31
"08041",445,2469,-37
"48141",2481,15574,383
"08039",18,53,2
"13105",105,45,1
"20049",4,2,0
"42047",7,78,1
"18039",615,1925,19
"32007",77,303,17
"21063",10,274,-2
"20051",296,174,-32
"40045",4,8,-2
"48139",315,329,-9
"20053",31,188,21
"01051",271,247,15
"16039",57,121,17
"13107",115,90,-17
"49015",19,52,3
"19063",38,81,10
"26047",15,140,-5
"38029",123,26,-17
"51595",15,27,3
"48143",96,98,-4
"36029",748,938,28
"39043",98,163,-18
"42049",128,337,-2
"01053",82,65,4
"12033",380,701,120
"25009",1261,2353,191
"34013",398,2743,46
"36031",15,15,1
"50009",0,1,0
"51057",17,12,-3
"21065",73,53,-25
"01055",328,521,18
"32011",0,1,0
"22039",64,33,-8
"13109",23,29,-1
"02090",232,473,46
"51059",1144,1484,-56
"51600",5,17,1
"09001",614,2787,-62
"39045",218,526,16
"45039",49,36,-15
"72053",151,108,45
"46047",17,71,-1
"30025",4,51,2
"48145",87,51,21
"51610",4,0,-2
"13111",121,68,5
"48147",39,64,17
"27043",21,60,13
"46049",23,74,-5
"05045",463,395,-57
"51061",63,88,-17
"01057",65,72,11
"13113",176,148,52
"17051",152,123,-24
"18041",28,348,-14
"19065",66,93,2
"21067",1150,1338,-110
"39047",24,90,12
"42051",57,140,11
"47047",148,318,-10
"48149",49,17,-19
"54019",138,82,-38
"47049",217,135,35
"30027",12,82,-2
"53019",0,5,2
"27045",38,61,8
"31059",9,48,-3
"20055",174,473,30
"48151",3,27,-3
"12035",154,221,-26
"30029",442,1038,64
"21069",10,80,-4
"45041",269,342,-55
"55037",47,74,3
"72054",48,32,0
"13115",414,614,-114
"18043",150,295,48
"19067",80,63,14
"21071",27,175,7
"48153",10,9,0
"51063",16,20,0
"51065",93,28,-75
"48155",5,2,3
"55039",709,1500,65
"17053",22,55,-4
"20057",331,251,-39
"42053",1,2,-1
"55041",122,114,4
"28035",248,235,-14
"13117",503,377,61
"37067",403,1071,19
"48157",847,833,-1
"38031",15,72,-1
"18045",18,105,4
"01059",91,155,-7
"05047",68,105,-4
"12037",43,86,3
"13119",75,137,-29
"16041",64,114,2
"17055",106,280,-12
"18047",25,58,-1
"19069",24,36,-10
"20059",99,108,27
"21073",90,116,42
"22041",48,85,-4
"23007",9,7,-5
"25011",15,47,1
"28037",16,30,-2
"29071",436,575,0
"31061",11,24,3
"36033",3,7,-1
"37069",67,126,-15
"39049",2150,3701,-88
"42055",116,294,-20
"47051",199,178,-69
"48159",9,52,-3
"50011",5,11,5
"51067",89,294,7
"53021",191,283,37
"51620",45,41,5
"24021",278,362,-16
"51069",76,127,2
"51630",29,21,3
"27047",83,109,-45
"48161",18,25,4
"08043",10,301,4
"16043",78,141,14
"19071",55,40,-13
"56013",101,427,9
"06019",1309,1867,45
"48163",309,9,-297
"31063",2,19,0
"05049",66,72,20
"13121",1167,2030,-293
"17057",60,258,14
"18049",20,105,4
"21075",24,24,6
"36035",14,8,0
"39051",80,181,44
"42057",10,26,4
"31065",8,32,-4
"12039",201,50,-13
"31067",89,165,17
"48165",43,112,-13
"51640",13,28,-1
"17059",7,12,5
"21077",3,15,-1
"30031",280,1137,72
"39053",32,60,8
"48167",337,617,19
"31069",1,27,1
"08045",50,166,-10
"30033",2,6,2
"31071",5,16,3
"40047",357,327,17
"49017",3,28,-1
"53023",1,10,1
"05051",278,383,24
"21079",25,125,1
"24023",4,53,0
"40049",59,163,5
"48169",2,8,2
"29073",19,71,-9
"37071",616,1164,88
"37073",35,9,-13
"20061",45,61,-5
"39055",39,162,13
"16045",73,62,23
"26049",543,1402,125
"36037",23,35,3
"01061",114,145,14
"29075",14,21,-10
"28039",45,106,7
"45043",72,246,8
"18051",135,202,7
"47053",329,232,-9
"04007",170,271,32
"12041",22,70,-6
"47055",115,167,41
"51071",17,30,-7
"48171",103,24,-95
"41021",1,1,-1
"13123",38,102,14
"54021",29,3,1
"08047",1,9,1
"30035",217,212,139
"12043",60,20,-2
"26051",18,78,10
"13125",2,10,0
"48173",2,2,0
"06021",58,41,0
"34015",492,459,70
"51073",23,25,15
"13127",120,173,-4
"26053",15,204,7
"30037",2,10,2
"38033",10,17,10
"48175",3,9,-1
"48177",236,43,-234
"51075",23,26,7
"27049",83,205,13
"16047",47,189,15
"13129",150,420,-34
"56015",32,34,18
"31073",8,7,2
"20063",56,51,40
"13131",54,40,8
"40051",381,233,-65
"33009",14,60,0
"04009",75,217,11
"20065",4,8,-4
"37075",61,20,31
"47057",75,132,13
"08049",5,27,5
"49019",2,39,0
"38035",339,1426,13
"50013",2,1,2
"26055",50,240,8
"30039",0,21,0
"05053",46,44,-6
"18053",142,340,20
"20067",96,81,-22
"21081",22,64,8
"22043",28,31,-4
"27051",7,25,3
"31075",0,3,0
"35017",25,35,-1
"38037",18,23,10
"40053",14,35,4
"41023",2,2,2
"46051",72,66,20
"53025",308,159,-94
"54023",11,21,7
"55043",428,445,-54
"37077",104,156,8
"26057",65,196,-5
"21083",47,77,-15
"20069",23,45,-1
"48179",45,117,11
"53027",139,92,-23
"21085",50,82,4
"48181",164,418,-6
"51077",30,44,0
"20071",3,17,-1
"31077",12,6,2
"21087",32,47,2
"55045",189,223,15
"55047",173,258,43
"54025",12,53,-4
"01063",9,17,-3
"05055",162,383,10
"13133",22,33,0
"17061",39,69,-1
"18055",26,119,0
"19073",32,31,-12
"28041",56,38,4
"29077",1861,1211,-115
"36039",7,46,1
"37079",129,145,103
"39057",283,691,45
"42059",28,47,-10
"47059",159,483,-25
"51079",16,33,6
"04011",1,33,1
"51081",54,37,-12
"21089",101,117,1
"45045",1101,1710,85
"20073",4,37,0
"45047",135,140,-33
"40055",10,25,-4
"48183",675,417,-427
"46053",64,69,-12
"28043",75,46,-17
"38039",16,25,-8
"48185",29,48,-7
"17063",80,248,4
"19075",36,81,-14
"29079",56,41,-18
"47061",128,112,-2
"35019",1,9,-1
"48187",1649,126,-1587
"72055",19,33,1
"72057",39,37,7
"72059",32,35,6
"72061",376,303,126
"39059",22,179,8
"37081",838,1484,-44
"12045",12,21,-4
"08051",1,17,1
"72063",138,132,24
"19077",64,64,-2
"13135",1514,1712,-82
"46055",12,42,4
"13137",191,83,-13
"02100",1,1,-1
"01065",44,54,24
"48189",133,419,9
"37083",113,231,19
"51083",57,104,1
"13139",840,590,8
"31079",99,383,23
"48191",14,8,-2
"47063",168,288,16
"12047",65,18,-27
"17065",17,40,-3
"18057",432,1041,40
"19079",26,67,2
"20075",2,16,0
"31081",28,49,-4
"36041",1,2,-1
"39061",960,2943,66
"47065",818,1481,58
"48193",35,25,17
"46057",24,57,18
"25013",381,1180,35
"25015",52,117,34
"54027",11,22,-1
"45049",76,29,-4
"51650",110,129,-4
"13141",11,4,3
"17067",48,75,10
"18059",63,226,11
"19081",33,113,19
"21091",19,49,1
"23009",1,17,1
"28045",54,144,-2
"39063",113,281,17
"47067",4,15,0
"54029",11,48,5
"46059",25,53,5
"51085",130,165,14
"48195",17,5,9
"46061",18,36,2
"13143",75,147,-9
"12049",114,95,-8
"47069",103,200,-17
"48197",6,4,4
"17069",10,9,-6
"19083",46,104,-10
"21093",192,568,-8
"39065",10,97,0
"47071",167,197,5
"48199",51,69,-1
"35021",0,0,0
"46063",1,38,-3
"54031",16,6,2
"24025",195,296,35
"21095",72,68,50
"31083",13,18,-3
"40057",2,14,4
"37085",373,348,-7
"41025",0,24,0
"20077",0,32,0
"40059",4,28,0
"13145",33,24,1
"48201",21910,8042,-14582
"18061",58,143,16
"19085",106,172,42
"21097",16,42,8
"28047",281,853,-9
"29081",18,33,10
"39067",7,20,3
"48203",57,111,-7
"54033",68,57,28
"51660",374,209,-122
"13147",51,39,7
"21099",25,213,1
"09003",671,1911,19
"48205",23,11,-3
"20079",33,168,-5
"20081",56,23,-30
"40061",52,49,-22
"48207",10,11,4
"72065",100,64,8
"15001",129,233,-11
"47073",114,243,12
"31085",NA,10,NA
"48209",243,720,1
"37087",57,65,5
"47075",131,161,15
"13149",11,38,5
"48211",2,22,0
"05057",35,87,11
"17071",10,41,4
"21101",198,193,34
"37089",192,199,50
"47077",130,105,-42
"48213",79,569,-3
"18063",206,531,8
"12051",48,84,2
"27053",2635,4654,293
"51087",371,528,-51
"01067",67,116,-5
"13151",468,551,-52
"17073",89,94,-3
"18065",106,300,-8
"19087",302,187,-58
"21103",25,73,5
"29083",69,90,11
"39069",58,137,12
"47079",64,138,-8
"51089",104,135,-4
"36043",24,27,-2
"12053",250,372,-28
"37091",116,20,-22
"38041",15,44,5
"21105",5,28,1
"47081",123,127,-5
"29085",32,80,12
"35023",3,11,1
"48215",1938,1606,-294
"39071",20,201,4
"51091",1,1,1
"12055",153,255,-21
"30041",66,370,18
"48217",122,100,-20
"12057",2360,3149,-220
"33011",192,493,40
"26059",40,124,8
"28049",305,428,9
"08053",0,0,0
"31087",3,24,1
"39073",13,47,5
"48219",50,229,-6
"20083",6,9,4
"37093",211,139,47
"12059",45,106,-3
"28051",24,25,-14
"39075",38,353,14
"29087",8,25,2
"31089",51,105,9
"15003",1328,775,-8
"48221",100,134,-2
"41027",13,18,-5
"31091",6,4,6
"51670",30,59,0
"21107",65,182,15
"48223",72,206,-18
"72067",32,31,-6
"45051",427,847,3
"05059",111,154,5
"56017",7,14,-5
"26061",325,138,23
"01069",368,683,12
"13153",218,320,-58
"27055",31,75,5
"47083",83,56,7
"48225",14,34,-10
"05061",35,76,9
"18067",94,255,8
"19089",17,51,-1
"24027",277,396,-3
"29089",23,40,3
"31093",23,40,-11
"48227",382,209,-90
"29091",226,270,-10
"27057",67,205,9
"34017",310,1826,60
"48229",7,43,7
"08055",12,6,-2
"40063",31,60,-13
"46065",280,173,-60
"72069",174,126,44
"06023",31,27,13
"19091",28,107,-2
"32013",11,28,5
"28053",9,74,-5
"47085",55,84,-5
"48231",131,224,3
"34019",59,132,13
"42061",24,365,12
"18069",51,160,13
"26063",20,33,-4
"39077",71,83,29
"46067",40,64,14
"48233",48,49,8
"37095",2,1,2
"46069",12,14,-8
"22045",82,50,-6
"22047",17,53,3
"19093",59,59,-9
"16049",132,93,-84
"06025",473,628,27
"05063",186,126,8
"12061",243,387,7
"42063",169,242,-31
"26065",720,617,-230
"06027",12,28,10
"26067",163,277,-107
"26069",52,54,-14
"19095",57,91,7
"55049",54,174,-4
"37097",510,415,274
"48235",0,0,0
"26071",150,139,28
"29093",8,23,-10
"49021",58,121,12
"55051",6,78,4
"17075",27,100,-9
"13155",32,15,2
"72071",42,60,8
"26073",92,223,-10
"27059",105,159,1
"53029",29,39,-11
"51093",81,62,7
"28055",4,1,0
"27061",102,168,12
"28057",130,128,14
"05065",115,225,-13
"48237",11,6,7
"01071",169,339,-27
"05067",92,221,22
"08057",0,0,0
"12063",189,125,-59
"13157",204,224,16
"17077",102,227,-46
"18071",54,259,20
"19097",91,214,9
"20085",22,66,4
"21109",41,70,-1
"22049",76,82,-16
"26075",181,473,3
"27063",42,43,-8
"28059",259,659,51
"29095",765,1303,-281
"37099",136,281,108
"39079",62,138,6
"40065",123,163,5
"41029",196,417,2
"46071",19,60,-5
"47087",44,71,-2
"48239",84,21,-82
"54035",36,65,2
"55053",63,311,19
"51095",52,55,-16
"13159",16,15,6
"17079",28,43,-8
"18073",31,271,3
"19099",176,238,-14
"28061",52,45,-8
"29097",64,432,-288
"45053",70,63,8
"48241",34,12,-14
"18075",36,132,0
"72073",14,19,2
"13161",37,53,-5
"48243",0,6,0
"01073",1690,2058,140
"05069",770,366,18
"08059",651,2016,39
"12065",24,66,-4
"13163",49,27,5
"16051",188,207,36
"17081",106,133,32
"18077",20,102,0
"19101",12,82,-2
"20087",31,51,-3
"21111",2152,4202,238
"22051",510,533,-16
"28063",9,25,-11
"29099",945,854,-45
"30043",35,61,-3
"31095",5,40,3
"36045",14,28,2
"39081",29,99,-5
"40067",5,19,-3
"41031",49,16,9
"42065",5,59,1
"47089",142,215,10
"48245",483,444,-47
"53031",0,8,0
"54037",29,101,-1
"55055",409,790,73
"22053",46,55,2
"28065",30,36,-6
"13165",47,15,5
"18079",13,55,-1
"46073",42,11,-2
"16053",87,228,23
"17083",37,39,-11
"21113",77,213,17
"20089",2,8,0
"48247",10,25,2
"48249",87,116,-17
"17085",54,164,4
"05071",51,115,9
"13167",9,13,-7
"17087",30,94,0
"18081",156,621,52
"19103",312,527,-54
"20091",1658,2407,98
"21115",24,127,4
"29101",63,213,-207
"31097",28,24,18
"47091",134,151,46
"48251",402,403,14
"56019",11,56,9
"37101",354,704,8
"40069",60,52,12
"13169",46,34,-2
"19105",64,155,8
"28067",187,200,-37
"37103",15,27,7
"46075",8,8,6
"48253",6,26,-6
NA,721,361,347
"41033",24,20,-4
"49023",28,61,10
"72075",58,57,-4
"30045",2,3,2
"72077",113,92,21
"55057",127,246,23
"02110",50,128,-12
"42067",24,36,-4
"26077",642,1066,50
"26079",10,33,4
"27065",39,58,-9
"54039",664,483,0
"27067",159,405,45
"17089",998,3041,12
"49025",11,12,7
"17091",186,567,-6
NA,983,1723,-353
"48255",187,20,-179
"15007",1,5,3
"48257",203,299,-11
"40071",178,121,8
"31099",18,25,2
"20093",19,29,13
"31101",11,38,-5
"28069",7,20,-1
"02122",21,326,3
"17093",226,474,24
"48259",134,17,-118
"48261",0,4,0
"23011",15,65,1
"55059",444,1142,104
"10001",136,260,-6
"24029",16,17,-2
"26081",1016,3321,170
"44003",149,421,7
"48263",1,2,-1
"21117",165,555,15
"19107",37,55,1
"06029",1052,1022,-220
"48265",150,43,-146
"45055",231,208,29
"02130",2,9,0
"55061",310,249,42
"26083",3,3,3
"31103",2,1,0
"38043",18,33,8
"31105",2,31,2
"48267",0,10,0
"48269",NA,0,NA
"53033",1242,2650,204
"51097",7,2,-3
"51099",7,22,3
"51101",19,25,-5
"40073",59,103,15
"20095",33,32,-1
"06031",524,368,-298
"46077",26,78,-2
"48271",20,17,-20
"08061",NA,3,NA
"20097",8,19,2
"40075",17,34,-3
"08063",2,39,0
"53035",111,150,29
"53037",52,112,10
"27069",-2,31,2
"41035",30,37,-4
"48273",38,1,-26
"53039",4,9,0
"21119",96,83,-22
"17095",156,389,-2
"18083",96,263,-14
"21121",94,179,6
"23013",8,33,2
"29103",7,7,1
"31107",76,42,-18
"39083",19,151,3
"47093",1331,1712,-197
"48275",27,3,29
"02150",4,22,2
"27071",27,21,-15
"16055",334,1084,74
"18085",146,614,44
"19109",99,91,-19
"02158",3,200,1
"55063",1136,764,-464
"04012",16,43,0
"08067",15,68,1
"48283",0,29,-10
"20099",26,84,6
"27073",39,29,11
"42069",262,620,92
"29105",247,215,-15
"05073",33,44,5
"12067",6,20,-4
"22055",251,264,-37
"28071",219,186,-69
"29107",191,178,-59
"55065",111,132,29
"22057",205,97,-37
"18087",23,113,15
"72079",41,29,11
"06033",150,60,-50
"08065",11,19,3
"12069",405,579,-51
"17097",1167,2717,83
"18089",817,2822,63
"26085",3,25,1
"27075",12,45,-4
"30047",39,185,9
"39085",135,483,15
"41037",5,12,7
"46079",46,119,6
"47095",64,37,-46
"27077",4,8,2
"01075",55,84,-5
"13171",23,40,13
"28073",214,259,0
"48277",212,269,34
"48279",23,105,-5
"50015",8,3,-4
"38045",28,57,14
"48281",44,19,-8
"31109",1144,1501,44
"42071",602,952,-16
"45057",210,204,-18
"51103",36,31,-14
"32015",4,20,4
"20101",3,10,-1
"41039",403,490,65
"55067",106,444,52
"13173",7,10,-9
"26087",64,209,22
"18091",196,554,104
"56021",87,635,27
"72081",73,60,7
"08069",400,884,24
"21123",32,97,12
"08071",4,49,4
"72083",17,12,-7
"72085",118,114,10
"17099",228,552,8
"22059",13,49,-5
"06035",11,20,-1
"16057",242,175,138
"40077",12,42,0
"01077",169,443,3
"28075",101,328,-21
"47097",111,267,25
"21125",227,299,63
"13175",134,184,-30
"45059",119,124,5
"48285",283,96,-253
"01079",63,127,-1
"05075",130,159,10
"17101",26,60,-2
"18093",32,348,16
"21127",5,46,-1
"28077",18,73,2
"29109",208,228,-10
"39087",131,211,-5
"42073",41,229,11
"46081",127,352,5
"47099",212,356,-2
"40079",271,199,-13
"27079",44,97,24
"35025",194,469,6
"28079",33,68,5
"20103",367,200,103
"42075",188,637,26
"01081",447,269,3
"05077",24,17,2
"12071",899,1764,-115
"13177",18,27,2
"17103",84,278,10
"19111",97,186,9
"21129",2,149,-4
"28081",420,354,142
"37105",129,215,37
"45061",27,36,7
"48287",17,10,1
"51105",29,150,7
"26089",13,31,-5
"28083",106,159,4
"42077",260,620,56
"16059",38,107,10
"26091",83,199,27
"37107",108,263,42
"12073",1250,807,-368
"48289",24,46,4
"21131",28,25,-4
"21133",66,45,18
"12075",72,51,-8
"16061",23,22,19
"21135",8,52,-8
"29111",36,57,16
"36049",0,84,0
"47101",51,154,13
"53041",103,91,25
"54041",0,37,0
"30049",98,494,58
"45063",929,755,103
"51678",58,47,36
"12077",34,18,6
"13179",109,108,-41
"30051",5,4,3
"48291",53,23,-65
"39089",158,645,10
"01083",249,365,-1
"48293",39,23,-13
"05079",223,153,-59
"08073",3,1,1
"13181",8,17,-8
"16063",9,105,1
"20105",2,6,2
"21137",39,81,15
"22061",296,96,12
"23015",8,14,4
"27081",31,41,-5
"28085",97,146,-1
"29113",126,252,32
"30053",23,85,21
"31111",90,332,64
"32017",0,21,0
"35027",37,104,1
"37109",300,360,48
"40081",105,125,31
"41041",11,12,1
"46083",266,859,48
"47103",95,181,5
"53043",12,16,6
"54043",27,52,3
"55069",128,382,20
"56023",81,61,15
"19113",581,1351,51
"20107",13,2,5
"29115",32,21,8
"41043",94,137,10
"48295",0,7,0
"09005",80,314,-10
"05081",30,72,-10
"48297",6,9,6
"17105",132,213,-12
"21139",11,19,-5
"22063",157,185,3
"26093",133,560,29
"29117",46,48,-12
"36051",11,93,1
"48299",17,23,3
"05083",38,72,8
"08075",82,220,-18
"17107",61,119,-3
"20109",21,63,13
"21141",42,160,20
"31113",1,2,1
"38047",49,25,9
"39091",33,132,-9
"40083",139,161,21
"54045",67,79,1
"72087",76,51,-2
"13183",34,12,0
"05085",265,335,-9
"39093",128,480,-24
"35028",4,11,-2
"06037",14151,19105,-219
"47105",155,190,35
"51107",366,492,-28
"19115",27,67,-1
"51109",21,52,5
"31115",1,3,-1
"40085",42,40,14
"01085",16,30,-2
"13185",166,419,-22
"28087",228,103,90
"48303",2095,3993,473
"19117",31,35,-19
"39095",419,931,-27
"26095",19,38,-17
"13187",83,57,-19
"35029",47,565,-21
"51111",11,14,-1
"72089",77,37,11
"42079",154,873,16
"42081",106,122,30
"46085",58,76,32
"51680",220,260,-10
"48305",9,50,3
"19119",176,87,44
"20111",84,134,4
"21143",18,20,2
"27083",126,148,28
"32019",50,81,-6
"26097",16,33,6
"26099",992,2651,188
"01087",17,27,-9
"13193",9,11,3
"17115",358,1184,42
"29121",42,52,-20
"37113",54,67,18
"47111",75,150,-1
"17117",117,151,-13
"06039",290,258,-24
"01089",702,801,-110
"05087",44,26,12
"12079",24,30,-8
"13195",66,65,-14
"16065",470,832,90
"17119",795,908,43
"18095",222,601,28
"19121",54,48,18
"21151",339,292,-83
"22065",24,6,6
"28089",177,211,39
"29123",31,115,-37
"30057",12,58,12
"31119",130,544,6
"36053",17,49,-1
"37115",21,146,15
"39097",118,112,50
"47113",568,432,-2
"48313",4,27,4
"51113",11,11,3
"21153",17,60,15
"19123",127,161,1
"27087",7,49,-1
"39099",155,491,69
"40093",26,58,10
"41045",190,139,-40
"51683",62,48,-8
"51685",16,25,-2
"12081",594,1038,-90
"72091",143,83,25
"26101",11,44,9
"55071",507,1050,91
"55073",647,2146,163
"01091",34,115,12
"72093",13,6,-3
"04013",3705,9116,-811
"29125",23,87,1
"06041",237,149,-37
"55075",337,473,129
"01093",73,82,-29
"05089",35,43,3
"12083",539,557,-73
"13197",8,6,-2
"17121",118,356,-8
"18097",1427,3071,49
"19125",94,187,-30
"20115",17,25,15
"21155",23,194,13
"28091",47,46,13
"29127",76,169,18
"39101",76,246,24
"41047",470,680,44
"45067",101,122,-13
"47115",86,172,-8
"48315",3,10,-3
"54049",39,64,13
"06043",1,3,1
"45069",64,92,0
"26103",100,493,10
"55077",155,234,47
"01095",224,291,-42
"17123",31,39,-5
"18099",57,317,13
"19127",53,267,15
"20117",13,34,7
"21157",73,109,-9
"27089",5,85,1
"28093",59,245,7
"40095",24,41,-6
"46091",14,11,-4
"47117",117,213,-1
"54051",34,120,-2
"12085",314,254,-74
"18101",19,23,-9
"21159",10,101,4
"27091",189,70,21
"37117",61,69,15
"48317",1,8,-1
"51690",17,49,-3
"17125",46,121,18
"21161",12,36,-4
"26105",4,104,-2
"48319",1,3,1
"53045",51,38,5
"54053",14,22,-4
"17127",30,29,10
"48321",35,31,-35
"02170",73,612,-3
"51115",50,10,30
"15009",45,125,-17
"72095",22,10,16
"47119",345,745,-9
"48323",177,454,-57
"72097",115,83,11
"40097",163,134,49
"40087",177,219,13
"30055",4,24,4
"46087",29,88,7
"45065",47,20,-31
"21145",109,270,5
"21147",58,45,36
"48307",24,33,-2
"40089",136,145,-12
"29119",65,77,-9
"17109",63,197,-1
"37111",148,158,116
"54047",8,23,6
"13189",40,46,6
"17111",369,1645,23
"38049",33,75,27
"13191",19,15,-5
"38051",27,36,3
"40091",51,85,15
"42083",8,67,-4
"38053",96,170,2
"35031",63,253,15
"17113",321,577,-71
"21149",13,100,-1
"38055",88,213,-16
"48309",908,973,-108
"27085",75,74,-9
"47107",182,316,-18
"48311",3,1,-1
"47109",177,104,35
"20113",21,142,-1
"31117",0,3,0
"46089",16,19,-2
"20119",40,14,-10
"21163",69,106,-9
"46093",144,222,2
"30059",15,33,-15
"37119",1581,2914,239
"51117",91,55,33
"26107",57,244,7
"39103",114,412,8
"48325",49,39,13
"27093",62,76,-12
"39105",14,36,-2
"47121",23,62,-3
"46095",5,38,-1
"17129",21,35,-5
"48327",0,39,0
"06045",147,85,-7
"21165",10,14,4
"26109",141,148,19
"55078",54,126,6
"06047",301,360,29
"17131",22,106,2
"21167",77,70,19
"29129",0,3,0
"34021",136,428,-4
"38057",74,174,8
"39107",157,329,-5
"42085",82,234,-4
"54055",43,246,3
"13199",21,37,-3
"31121",3,46,-1
"33013",51,193,3
"08077",140,594,44
"21169",25,51,-3
"18103",22,196,-2
"20121",93,88,17
"39109",201,420,-1
"12086",5253,8213,-213
"09007",68,264,10
"25017",1241,2567,121
"34023",673,1718,115
"51119",38,9,-20
"26111",98,357,-10
"48329",378,1096,130
"42087",29,125,-7
"48331",30,15,-4
"49027",34,34,0
"27095",40,142,-2
"05091",110,386,10
"13201",31,32,9
"29131",132,206,-16
"19129",50,124,8
"48333",13,9,-13
"55079",3460,8075,384
"46097",6,49,6
"08079",0,0,0
"30061",3,4,3
"32021",0,4,0
"54057",20,31,-14
"54059",61,142,-25
"16067",121,232,33
"46099",824,3192,42
"26113",7,19,3
"05093",166,360,-22
"29133",30,87,-4
"30063",338,827,94
"13205",49,19,13
"19131",24,82,-6
"20123",3,2,1
"37121",60,59,54
"48335",10,72,2
"01097",627,3006,23
"72099",58,65,12
"06049",5,5,-1
"08081",6,23,0
"04015",193,239,-45
"29135",77,215,11
"34025",662,1062,26
"06051",4,7,0
"19133",42,34,4
"54061",281,124,-79
"01099",22,44,2
"05095",30,26,-2
"12087",56,268,12
"13207",50,41,16
"17133",97,187,5
"18105",499,398,-107
"19135",23,43,-3
"21171",21,88,-1
"26115",94,350,30
"28095",87,132,5
"29137",4,66,-4
"36055",276,865,14
"39111",4,63,-4
"42089",37,138,11
"47123",121,262,25
"54063",7,76,1
"55081",236,325,56
"48337",27,68,7
"26117",67,291,9
"06053",890,762,-118
"08083",13,46,7
"01101",348,1059,-56
"05097",32,8,0
"13209",38,27,-2
"17135",99,156,1
"18107",19,146,-5
"19137",16,51,4
"20125",92,113,12
"21173",64,187,-16
"24031",1117,1657,47
"28097",26,46,-2
"29139",19,76,-7
"36057",17,20,-7
"37123",54,83,-14
"39113",752,2073,76
"42091",547,1107,-33
"47125",304,737,14
"48339",749,1331,-59
"51121",443,434,-15
"26119",3,17,1
"42093",23,45,19
"08085",26,72,-2
"46101",35,67,5
"37125",245,210,119
"47127",49,56,5
"48341",43,91,7
"35033",0,2,0
"22067",72,35,-32
"01103",231,582,-11
"08087",29,88,11
"13211",26,37,-8
"17137",78,231,16
"18109",66,171,0
"21175",13,44,9
"29141",155,153,-31
"39115",5,35,3
"47129",36,65,-6
"49029",20,71,2
"54065",11,61,-5
"72101",75,30,-13
"31123",6,39,0
"20127",15,17,5
"34027",227,937,-15
"48343",15,32,-3
"27097",99,316,29
"39117",18,132,-4
"41049",37,16,9
"20129",4,28,2
"38059",368,607,-14
"48345",2,5,2
"17139",21,137,7
"38061",77,163,-1
"27099",99,80,-19
"21177",67,81,-17
"41051",625,1286,47
"13213",73,138,-1
"27101",28,68,12
"40099",37,79,5
"19139",88,253,8
"13215",260,179,-4
"26121",177,666,-11
"39119",123,295,69
"40101",216,241,30
"30065",9,64,-5
"48347",142,89,44
"72103",48,53,2
"31125",29,36,-7
"25019",25,36,7
"06055",147,170,3
"72105",110,87,20
"37127",435,447,-39
"12089",149,166,-1
"36059",951,1630,-13
"22069",136,150,10
"56025",199,598,37
"04017",83,316,-7
"48349",200,141,-26
"21179",60,410,2
"38063",37,29,23
"51125",11,15,3
"20131",52,115,0
"31127",21,11,1
"20133",44,74,-18
"28099",86,104,0
"20135",36,37,0
"05099",37,64,-17
"06057",46,61,-16
"10003",1017,1121,165
"37129",608,523,198
"09009",375,1897,-9
"51127",22,36,0
"09011",364,720,136
"29143",46,128,6
NA,5424,9585,500
"26123",69,180,27
"45071",187,131,-45
"44005",28,96,-4
"51700",140,239,-20
"05101",62,40,-18
"13217",128,166,-12
"18111",12,55,-6
"28101",39,44,-11
"29145",117,274,-205
"48351",11,1,-5
"16069",72,312,10
"36063",94,170,0
"21181",8,33,4
"54067",37,20,-5
"27103",69,132,7
"56027",1,11,1
"18113",77,237,5
"39121",19,99,13
"40103",20,21,12
"27105",67,275,5
"29147",207,248,135
"48353",70,88,10
"02180",23,22,9
"25021",449,841,13
"51710",196,300,36
"27107",7,53,5
"02185",67,68,7
"37131",71,60,29
"42095",222,509,-18
"51131",1,8,-1
"42097",241,254,55
"51133",45,18,7
"02188",44,44,-4
"20137",9,517,3
"51720",1,7,1
"51135",31,37,-7
"40105",25,49,7
"28103",19,11,5
"31129",4,45,0
"48355",666,381,-124
"32023",24,136,6
"19141",137,210,21
"26125",1230,3507,8
"47131",193,282,23
"34029",1768,1052,690
"26127",22,100,2
"48357",18,55,-4
"13219",75,95,-3
"45073",400,236,268
"55083",403,515,93
"26129",7,42,-1
"46102",82,472,38
"17141",173,349,31
"13221",34,50,-12
"18115",4,38,0
"21183",34,75,6
"54069",35,142,-3
"12091",341,767,127
"53047",39,35,-1
"12093",218,88,-70
"40107",23,317,-3
"40109",2650,2962,-232
"40111",116,239,-2
"28105",94,134,18
"21185",142,174,-24
"48359",3,2,1
"38065",8,25,0
"27109",327,470,69
"16071",6,20,2
"36065",77,210,21
"55085",197,449,51
"36067",291,657,17
"37133",509,577,213
"36069",26,148,-8
"26131",2,52,0
"06059",2753,3317,-77
"12095",2087,3380,-253
"18117",12,75,-6
"36071",432,645,152
"37135",145,225,25
"48361",164,173,10
"50017",3,6,-1
"51137",34,52,-10
"45075",128,122,28
"29149",47,40,9
"22071",412,386,60
"36073",14,54,8
"50019",0,11,0
"72107",54,46,10
"20139",26,29,4
"29151",45,186,7
"40113",254,111,150
"20141",5,16,5
"12097",673,896,-59
"19143",69,70,-3
"26133",11,76,1
"26135",1,10,1
"36075",94,60,-24
"08089",12,54,0
"35035",33,271,13
"31131",37,80,9
"26137",9,82,-11
"36077",23,48,-7
"20143",10,19,2
"26139",475,1310,-41
"39123",10,93,4
"40115",143,158,-11
"27111",119,310,13
"05103",44,68,-10
"22073",373,368,-29
"08091",1,8,1
"55087",1953,2350,247
"47133",135,210,13
"18119",10,34,0
"21187",13,18,-3
"21189",5,36,5
"16073",11,40,9
"23017",60,9,-20
"29153",35,54,-9
"55089",279,730,-1
"53049",9,12,3
"19145",68,92,48
"51139",26,34,4
"12099",2093,3510,-475
"19147",69,58,9
"48363",95,91,-9
"37137",45,27,23
"28107",113,92,9
"48365",33,44,-9
"08093",12,37,-6
"30067",19,96,3
"56029",49,282,13
"18121",22,73,8
"48367",233,285,-1
"48369",37,47,15
"12101",682,834,-14
"37139",80,87,-34
"34031",392,1201,78
"72109",23,17,-5
"51141",17,32,-5
"13223",164,286,-30
"39125",22,108,2
"20145",104,27,-70
"31133",4,7,0
"40117",22,45,-2
"16075",126,115,-8
"40119",430,188,-14
"13225",42,68,-26
"28109",81,125,7
"48371",25,92,1
"38067",48,73,10
"29155",102,98,-10
"53051",9,20,3
"37141",123,254,-1
"21191",14,24,6
"54071",5,12,-3
"27113",15,69,-5
"46103",543,1165,85
"23019",2,35,2
"72111",20,14,-2
"17143",514,728,-10
"55091",16,76,6
"31135",-1,11,-3
"46105",14,22,-4
"37143",24,36,-6
"01105",7,26,1
"05105",12,21,-4
"17145",32,91,0
"18123",26,171,-4
"21193",22,146,2
"28111",50,65,-18
"29157",91,117,-37
"39127",29,71,-1
"42099",40,70,6
"47135",19,174,-11
"32027",1,1,1
"37145",53,155,-5
"02195",-1,6,1
"51730",52,108,-10
"30069",NA,0,NA
"29159",237,360,-55
"29161",107,175,-43
"31137",14,100,-6
"42101",1785,4326,659
"05107",73,101,17
"08095",0,22,-2
"20147",40,59,-18
"30071",6,47,0
"17147",19,87,3
"39129",80,281,22
"01107",57,125,-3
"13227",38,136,-22
"45077",495,746,215
"47137",39,66,9
"13229",31,108,3
"31139",16,71,0
"38069",6,79,4
"53053",743,1457,59
"55093",239,165,-155
"01109",92,77,-10
"05109",19,17,3
"13231",33,59,1
"17149",36,193,16
"18125",46,73,26
"21195",90,327,54
"28113",51,61,-1
"29163",25,81,-15
"39131",66,96,-2
"42103",21,20,-3
"04019",2741,1527,-1493
"04021",410,716,30
"27115",166,108,-58
"12103",1029,2175,-69
"27117",35,52,11
"23021",1,0,-1
"08097",10,38,-6
"37147",596,543,76
"40121",132,169,10
"51143",101,156,5
"49031",3,4,1
"06061",231,473,-69
"22075",73,74,55
"29165",151,156,3
"31141",155,346,29
"56031",17,66,3
"54073",3,11,1
"06063",4,17,-4
"19149",232,278,-38
"25023",346,946,74
"19151",22,51,2
"54075",1,8,-1
"05111",88,266,-2
"22077",32,44,-16
"05113",19,33,11
"12105",1358,1516,-198
"13233",126,208,-4
"19153",1270,2284,-26
"27119",81,429,-1
"29167",241,193,39
"31143",20,67,2
"37149",69,35,55
"41053",48,57,0
"47139",40,87,20
"48373",141,76,-5
"55095",45,240,19
"72113",235,191,15
"30073",36,59,26
"28115",105,102,-1
"40123",133,238,11
"05115",195,289,29
"17151",6,8,2
"27121",22,38,-2
"51735",-1,11,1
"39133",154,374,0
"55097",515,811,-27
"18127",281,1000,5
"51740",167,145,-47
"18129",87,182,37
"20149",84,58,2
"40125",304,419,-8
"19155",344,590,26
"42105",4,20,2
"46107",15,34,-3
"48375",1549,1107,1015
"30075",15,19,9
"21197",11,18,5
"30077",2,135,2
"16077",72,39,8
"19157",100,83,10
"51145",22,48,0
"05117",21,48,3
"30079",3,5,3
"20151",16,91,-4
"39135",42,188,14
"28117",111,97,-11
"48377",3,50,-1
"26141",3,45,-1
"54077",14,34,0
"55099",80,122,46
"51147",40,69,-10
"51149",131,116,-29
"24033",1452,1719,-36
"02198",1,1,1
"51153",757,996,-53
"44007",986,2881,-6
"08099",2,93,-2
"08101",128,713,26
"05119",1180,1289,76
"13235",12,37,-8
"17153",31,28,13
"18131",2,57,-4
"21199",112,119,-14
"29169",183,188,-47
"51155",46,40,-14
"40127",26,45,6
"12107",151,145,-45
"13237",33,58,1
"17155",30,20,-14
"18133",84,139,24
"29171",-1,13,-7
"36079",52,117,8
"39137",122,453,-6
"47141",520,690,-94
"54079",142,159,-20
"35037",5,20,-5
"72115",41,46,3
"24035",48,79,-6
"13239",2,14,0
"28119",31,14,3
"13241",30,26,4
"55101",721,2060,155
"51750",52,148,-10
"48379",8,88,0
"54081",79,196,3
"29173",14,36,-2
"27123",1043,2044,105
"38071",76,170,38
"48381",492,1192,64
"01111",91,79,-1
"05121",81,102,13
"13243",2,4,-2
"17157",71,251,-7
"18135",32,177,12
"29175",87,194,13
"37151",266,473,110
"54083",28,51,16
"28121",251,398,43
"38073",23,92,-7
"22079",221,235,17
"51157",1,5,-1
"30081",35,215,15
"20153",59,41,-5
"29177",21,73,-1
"48383",1,6,-1
"48385",13,17,-13
"27125",8,32,2
"22081",12,62,4
"48387",6,23,2
"31145",17,133,7
"27127",92,79,-34
"48389",14,40,6
"48391",7,-1,3
"20155",230,740,-50
"36083",32,91,2
"27129",54,70,0
"38075",46,22,0
"20157",8,17,-6
"29179",9,35,-13
"47143",112,148,32
"20159",19,48,5
"27131",77,220,3
"49033",6,2,-2
"31147",8,43,0
"17159",95,41,3
"22083",42,60,24
"30083",16,154,4
"38077",61,187,-9
"39139",188,362,80
"45079",1508,979,8
"55103",72,127,34
"13245",480,411,-98
"37153",181,177,13
"51159",12,1,14
"51760",290,367,-44
"20161",446,142,-176
"72117",48,14,12
"19159",13,24,-3
"35039",22,88,6
"08103",2,5,0
"08105",1,15,-1
"72119",131,146,17
"18137",40,133,16
"29181",-5,81,-37
"54085",3,21,1
"06065",3204,4766,216
"47145",136,317,-30
"54087",11,29,-3
"51161",185,351,23
"51770",374,581,-42
"46109",86,96,14
"48393",2,0,2
"21201",0,23,0
"47147",135,276,-1
"48395",31,34,-3
"37155",511,563,191
"27133",51,85,-7
"31149",9,9,-1
"55105",551,1611,55
"17161",408,824,16
"51163",26,10,0
"21203",22,105,-2
"13247",88,159,-14
"33015",96,346,-8
"37157",204,385,38
"51165",148,105,-8
"36087",792,1047,204
"48397",155,201,5
"40129",39,9,-5
"40131",317,284,5
"38079",61,167,13
"20163",52,33,24
"30085",307,230,55
"35041",39,105,-19
"26143",13,85,5
"27135",21,193,-5
"30087",141,92,-77
"39141",76,347,22
"08107",20,41,2
"21205",52,63,28
"37159",320,349,26
"48399",36,16,-6
"18139",12,115,0
"20165",25,14,1
"48401",126,83,18
"55107",26,96,0
"01113",105,110,11
"20167",32,37,4
"21207",27,90,-5
"51167",48,112,18
"37161",190,245,18
"47149",805,1831,15
"50021",2,4,4
"72121",23,21,-1
"22085",48,63,4
"48403",4,15,4
"19161",106,62,-22
"06067",1994,1993,-430
"23023",6,10,0
"26145",182,796,36
"08109",0,24,0
"69110",15,12,15
"34033",43,50,-5
"51775",21,171,3
"72123",81,53,27
"05125",247,421,-1
"17165",142,169,-16
"20169",173,218,9
"29195",109,115,-23
"31151",73,133,1
"49035",4977,8685,431
"45081",27,16,-13
"37163",534,319,436
"48405",11,22,5
"06069",98,65,-22
"06071",3951,4904,213
"06073",3735,4588,-225
"06075",785,512,-37
"72125",51,40,1
"48407",6,11,-2
"06077",788,919,-86
"08111",0,1,0
"35045",116,268,42
"72127",1732,1437,522
"49037",19,94,1
"53055",0,3,0
"72129",159,100,15
"06079",313,313,-13
"06081",726,654,-74
"08113",0,5,-4
"35047",10,54,-14
"48409",73,42,-59
"48411",23,9,3
"72131",83,199,23
"46111",14,42,2
"30089",6,15,0
"35043",75,412,35
"39143",44,113,22
"17167",326,1157,40
"26151",12,60,-4
"49039",31,124,-7
"06083",412,384,36
"06085",1619,1893,-157
"04023",55,101,-3
"06087",315,202,-57
"35049",105,524,29
"72133",35,46,-3
"12113",178,301,58
"12115",480,798,2
"36091",96,193,8
"38081",40,29,-4
"31153",528,1119,50
"55111",216,506,12
"31155",123,107,-17
"55113",39,83,19
"36093",48,106,-4
"48413",2,1,-2
"13249",2,2,0
"36095",2,13,2
"26153",9,40,1
"17169",12,23,-4
"29197",4,9,4
"36097",10,54,-4
"42107",142,599,82
"39145",93,270,21
"29199",10,24,-2
"37165",354,159,82
"05127",12,82,6
"17171",18,28,-8
"18143",52,94,22
"19163",527,1107,-29
"20171",16,24,0
"21209",97,212,35
"27139",358,609,-6
"28123",31,74,-13
"29201",124,298,-18
"47151",36,116,-2
"51169",15,175,5
"31157",31,449,3
"13251",60,23,-26
"48415",45,174,-45
"05129",11,32,3
"05131",535,515,3
"08115",3,27,-1
"20173",995,2561,55
"12117",462,752,-90
"13253",31,24,-3
"40133",87,166,11
"36099",3,23,1
"39147",81,129,-15
"47153",36,64,10
"40135",196,165,4
"05133",21,123,1
"47155",218,480,30
"49041",15,122,5
"20175",183,223,-29
"31159",43,319,3
"48417",7,7,5
"29203",46,74,8
"28125",9,15,-5
"05135",66,84,-4
"06089",291,380,93
"55115",594,737,150
"20177",281,534,-15
"55117",536,1674,114
"01117",718,754,36
"17173",76,183,20
"18145",56,229,4
"19165",40,83,16
"21211",82,286,8
"29205",14,21,6
"39149",154,213,12
"47157",2036,3658,-336
"48419",25,17,-7
"51171",15,84,-1
"27141",147,432,-5
"20179",16,90,12
"30091",9,40,-3
"31161",3,50,-1
"38083",6,28,6
"56033",72,325,-4
"20181",20,99,2
"31163",7,24,1
"41055",0,4,0
"48421",8,6,2
"26155",41,181,11
"16079",3,59,-1
"27143",39,41,-11
"06091",0,0,0
"35051",8,46,-2
"30093",87,192,-29
"21213",35,58,-5
"28127",60,75,20
"19167",572,346,-20
"31165",0,1,0
"38085",17,49,5
"06093",7,57,-1
"02220",15,8,7
"53057",45,73,1
"02230",NA,7,NA
"53059",5,5,-3
"38087",0,3,0
"20183",2,9,2
"28129",36,32,8
"47159",98,132,-2
"48423",566,920,2
"51173",111,55,21
"53061",618,1094,-160
"42109",106,63,12
"35053",25,103,-5
"06095",438,625,-12
"23025",1,58,1
"24039",50,67,2
"34035",219,436,-9
"42111",25,141,-7
"48425",12,6,0
"06097",751,929,-45
"51175",269,53,-209
"02240",7,34,1
"13255",76,197,-4
"45083",823,1162,5
"18147",75,98,19
"21215",26,72,10
"46115",57,79,-7
"53063",1085,1295,1
"51177",112,173,-18
"22087",82,49,4
"22089",74,68,8
"29183",1100,2131,68
"01115",205,433,27
"17163",715,937,111
"26147",66,430,36
"29185",35,28,-11
"78010",51,15,-13
"55109",222,611,-18
"05123",134,136,-32
"29187",541,531,-57
"22091",23,15,-9
"22093",27,18,-17
"78020",15,2,-9
"22095",27,43,7
"12109",439,664,9
"18141",936,1818,140
"26149",94,298,50
"22097",79,171,5
"36089",17,56,-3
"27137",545,832,47
"29189",2332,3885,220
"29510",462,816,-34
"12111",430,578,2
"22099",53,85,-3
"22101",77,36,-11
"24037",93,116,9
"22103",274,285,-4
"78030",20,16,-8
"20185",8,24,2
"51179",148,161,-34
"06099",460,816,-286
"46117",15,34,1
"37167",269,119,79
"20187",18,25,2
"31167",3,28,1
"17175",10,18,-4
"38089",535,279,11
"39151",311,812,21
"18149",45,140,-3
"48427",143,98,-35
"51790",48,57,-4
"29186",41,178,-13
"27145",529,1384,-21
"27147",62,125,-2
"38091",3,30,-1
"13257",141,61,-35
"40137",105,198,19
"48429",11,16,-1
"17177",109,436,19
"48431",1,9,1
"18151",57,160,-7
"36101",119,224,55
"20189",56,44,-8
"27149",20,47,6
"53065",45,43,-5
"13259",84,51,6
"47161",93,57,-11
"30095",28,96,14
"29207",124,201,-16
"37169",64,103,24
"05137",72,16,14
"28131",35,63,-5
"29209",116,121,10
"48433",4,4,-4
"32029",1,4,1
"19169",306,353,-40
"33017",92,100,2
"38093",60,291,-4
"56035",51,38,7
"25025",1108,2500,68
"36103",674,1485,-56
"51800",124,95,10
"18153",14,98,2
"29211",24,89,22
"33019",9,19,3
"36105",43,132,13
"42113",3,5,1
"47163",285,1157,59
"46119",5,16,3
"54089",24,59,-6
"08117",74,211,0
"39153",480,1167,-28
"49043",97,254,25
"20191",42,95,2
"47165",354,997,-10
"01119",20,24,-16
"12119",184,197,50
"13261",21,16,-7
"45085",192,220,-16
"28133",122,108,-18
"37171",96,353,36
"51181",16,7,-2
"42115",7,50,1
"10005",213,646,23
"34037",81,143,17
"51183",141,5,53
"06101",105,116,-31
"48435",3,23,3
"12121",186,115,-22
"37173",12,88,10
"30097",10,34,4
"56037",22,143,4
"27151",49,53,-5
"48437",7,20,-1
"18155",2,29,-4
"13263",9,9,-1
"24041",49,53,1
"13265",3,5,-1
"01121",199,282,-31
"28135",58,47,-20
"01123",49,136,21
"19171",81,137,35
"29213",242,308,78
"22105",191,188,5
"35055",18,90,8
"48439",4834,8757,166
"28137",76,129,38
"13267",85,70,-13
"12123",63,73,-19
"13269",31,13,-19
"19173",27,47,5
"21217",40,156,14
"48441",289,909,-37
"54091",14,12,4
"55119",63,210,27
"17179",346,570,-32
"51185",89,147,-3
"06103",101,199,11
"13271",18,117,-2
"08119",8,53,-2
"22107",4,1,2
"22109",122,101,-28
"13273",4,9,0
"48443",0,0,0
"48445",19,191,-9
"16081",45,45,23
"30099",6,26,4
"56039",96,104,24
"29215",115,110,-69
"40139",188,122,28
"31169",3,26,1
"13275",49,67,9
"20193",66,107,2
"31171",0,6,0
"48447",2,4,-2
"31173",25,49,13
"53067",145,309,55
"13277",148,86,-12
"41057",7,6,-3
"40141",26,18,14
"69120",1,0,1
"36107",28,259,20
"42117",25,97,1
"28139",85,118,17
"18157",570,988,110
"18159",18,40,8
"47167",183,373,5
"28141",70,54,16
"48449",8,87,8
"72135",241,244,27
"72137",389,267,43
"21219",13,43,5
"27153",43,276,19
"46121",31,194,1
"09013",80,215,-10
"48451",241,693,9
"36109",35,116,-3
"49045",113,356,-3
"30101",47,23,33
"13279",86,87,8
"35057",12,13,8
"38095",11,43,1
"13281",69,46,-25
"38097",36,133,-2
"37175",34,47,-6
"27155",7,14,7
"48453",1411,1227,127
"30103",0,14,0
"20195",16,30,8
"55121",182,263,2
"13283",17,34,5
"21221",35,36,-11
"21223",13,14,5
"06105",1,8,1
"48455",8,8,-2
"46123",116,53,-16
"13285",102,172,-10
"47169",31,77,17
"72139",268,288,66
"39155",102,346,38
"54093",19,13,17
"06107",781,732,95
"40143",1855,2210,67
"28143",30,21,6
"06109",12,42,-10
"13287",17,8,7
"46125",58,163,-8
"01125",2045,894,1177
"39157",47,379,13
"26157",38,136,-4
"13289",18,12,4
"16083",446,1059,100
"48457",21,19,7
"54095",1,19,1
"37177",5,13,1
"56041",34,87,-4
"49047",4,118,2
"36111",51,143,21
"41059",169,208,53
"47171",30,156,-8
"05139",84,93,22
"12125",145,72,-13
"13291",158,57,-6
"17181",48,97,-14
"18161",6,36,-2
"19175",37,70,3
"21225",131,62,-43
"22111",46,69,-26
"28145",50,145,-2
"34039",373,1909,49
"35059",0,3,0
"37179",360,461,36
"39159",108,152,-12
"41061",11,32,11
"42119",34,80,4
"45087",59,93,-11
"46127",79,143,3
"47173",89,84,-15
NA,-7,14,5
NA,NA,NA,NA
NA,453,133,121
NA,19,16,13
NA,13,0,5
NA,164,-162,50
NA,-220,-74,106
NA,475,1090,31
NA,384,2584,186
NA,-17,-6,19
NA,0,0,NA
NA,388,1370,16
NA,NA,2,NA
NA,0,0,0
NA,354,941,146
NA,-122,1125,168
NA,5,-14,-131
NA,64,NA,-72
NA,NA,14,NA
NA,9,142,-43
NA,NA,NA,NA
NA,0,0,0
NA,NA,NA,NA
NA,-27,-12,-23
NA,173,438,47
NA,71,1472,-257
NA,NA,NA,NA
NA,3,48,1
NA,0,0,0
NA,0,0,0
NA,0,NA,0
"48459",27,57,-7
"54097",27,58,21
"13293",72,44,-2
"48461",3,-13,1
"49049",5523,5005,225
"72141",35,75,13
"48463",47,23,5
"48465",98,239,12
"02261",3,22,1
"35061",55,370,-17
"16085",11,18,7
"30105",40,133,22
"31175",17,32,9
"05141",13,15,-5
"19177",14,44,6
"26159",59,268,5
"47175",31,27,-15
"39161",20,140,8
"48467",150,137,-90
"37181",66,89,-4
"18163",772,1260,52
"72143",215,103,-21
"72145",207,141,1
"42121",9,125,1
"06111",943,736,-207
"17183",327,449,37
"22113",65,51,-39
"18165",13,104,1
"22115",50,20,4
"29217",58,74,-6
"55123",99,110,23
"48469",98,109,-14
"72147",6,3,8
"18167",226,626,22
"55125",86,215,38
"72149",21,76,-5
"39163",3,41,3
"51810",422,584,74
"12127",638,1057,-50
"17185",27,56,3
"18169",23,178,3
"27157",51,125,5
"20197",6,15,4
"27159",14,104,-2
"40145",155,241,1
"53069",0,0,0
"37183",1276,1907,184
"12129",97,89,-25
"23027",1,59,1
"01127",195,287,37
"13295",205,202,-59
"48471",49,85,41
"53071",85,236,7
"20199",3,40,1
"48473",57,62,-5
"41063",4,13,6
"38099",52,256,36
"28147",19,21,-1
"12131",124,309,0
"13297",141,415,15
"46129",61,43,1
"55127",361,550,-91
"19179",130,153,-30
"38101",356,1361,-32
"48475",15,18,13
"13299",66,161,2
"13301",24,8,0
"17187",46,129,-6
"18171",3,43,1
"19181",58,225,-4
"21227",417,538,-73
"28149",56,60,12
"29219",84,179,4
"34041",23,105,-5
"36113",40,24,10
"37185",41,96,5
"39165",349,981,29
"42123",2,12,2
"47177",101,237,31
"51187",31,101,19
"18173",395,350,15
"49051",112,220,26
"41065",66,21,-20
"27161",322,57,-10
"56043",5,25,1
"55129",36,87,8
"01129",18,144,0
"05143",1133,969,-199
"08121",9,26,1
"12133",33,93,7
"13303",35,62,3
"16087",51,62,-3
"17189",52,68,-10
"18175",21,83,-3
"19183",79,117,7
"20201",6,14,4
"21229",6,87,0
"22117",65,45,5
"23029",1,41,-1
"24043",281,252,-9
"27163",519,1548,77
"28151",131,174,31
"29221",129,129,5
"31177",66,133,-14
"36115",16,15,10
"37187",15,22,7
"39167",21,115,-5
"40147",71,175,5
"41067",435,784,57
"42125",137,504,-7
"44009",124,216,24
"47179",340,1003,-18
"48477",25,37,-9
"49053",324,1040,54
"50023",2,39,0
"51191",101,219,-3
"55131",658,1260,-10
"40149",45,45,5
"32031",1322,2395,156
"26161",556,1168,206
"37189",347,124,237
"27165",53,28,-11
"55133",1485,3282,219
"55135",311,778,67
"55137",141,323,51
"13305",70,98,10
"17191",75,110,13
"18177",71,570,7
"19185",13,45,-3
"21231",40,90,4
"26163",1666,3780,82
"28153",51,63,3
"29223",66,29,-24
"31179",87,90,-1
"36117",19,157,3
"37191",365,618,55
"39169",62,570,12
"42127",34,14,-2
"47181",34,75,-2
"49055",0,10,0
"54099",81,128,-3
"51820",27,48,11
"47183",187,215,-9
"48479",1092,744,-236
"49057",543,1488,21
"13307",0,3,0
"19187",153,356,75
"21233",29,63,-1
"22119",126,78,4
"28155",13,22,-1
"29225",256,227,-50
"31181",4,42,-2
"54101",0,18,0
"08123",383,1087,-9
"18179",36,124,10
"38103",5,99,5
"22121",37,22,-13
"22123",15,16,-3
"22125",47,16,-19
"36119",605,1393,67
"42129",274,1092,10
"51193",31,19,-11
"56045",16,78,12
"54103",11,124,5
"26165",11,43,5
"48481",94,30,-50
"53073",136,103,-30
"30107",14,11,4
"13309",19,9,1
"31183",0,0,0
"41069",NA,0,NA
"48483",5,30,-1
"05145",235,303,25
"13311",160,39,14
"17193",26,61,4
"18181",22,125,-4
"47185",138,234,-38
"32033",17,28,-1
"17195",143,630,29
"13313",281,543,-13
"18183",54,128,26
"21235",156,187,44
"53075",255,210,19
"30109",1,9,-1
"20203",0,33,0
"48485",302,1140,54
"24045",176,252,4
"48487",78,109,66
"01131",3,18,1
"13315",10,9,-10
"13317",14,37,0
"37193",128,270,38
"27167",16,38,10
"13319",26,14,-10
"28157",9,14,3
"17197",1236,3625,100
"48489",10,15,-14
"38105",344,355,18
"39171",37,132,-3
"45089",50,77,-22
"51830",14,15,-2
"17199",199,361,-49
"47187",483,1202,85
"48491",366,449,-72
"20205",6,20,4
"37195",282,456,12
"47189",359,766,27
"48493",331,35,-303
"51840",37,78,-1
"09015",113,253,-1
"50025",0,20,0
"50027",4,19,2
"48495",9,21,1
"22127",37,29,-1
"17201",1333,2504,205
"19189",85,122,-3
"55139",2013,2286,321
"19191",75,103,-13
"27169",209,226,-73
"01133",71,83,-5
"28159",28,60,-6
"54105",3,29,-3
"48497",66,121,-46
"51195",42,161,22
"21237",11,11,9
"39173",384,387,60
"48499",54,68,-28
"54107",33,183,9
"55141",259,623,25
"19193",1008,858,8
"17203",64,199,-2
"21239",40,60,8
"05147",17,46,-3
"40151",80,47,-48
"20207",8,11,-2
"40153",933,96,-733
"24047",97,63,-21
"25027",544,1408,80
"13321",20,36,4
"19195",11,30,1
"29227",2,10,-2
"02275",1,0,-1
"19197",56,101,10
"27171",250,655,70
"29229",184,65,-22
"39175",16,49,4
"20209",511,752,3
"36121",7,36,3
"42131",6,48,6
"54109",36,160,-4
"51197",35,40,1
"72151",85,49,27
"37197",55,173,11
"53077",308,322,4
"02998",4,6,-2
"28161",34,91,8
"41071",56,99,2
"37199",100,79,96
"46135",120,318,6
"36123",2,47,2
"72153",77,114,1
"04025",130,253,14
"28163",42,94,0
"05149",46,44,-8
"27173",65,49,-3
"30111",714,1896,94
"48501",25,36,17
"06113",118,232,-8
"23031",182,121,-14
"31185",42,170,4
"42133",608,922,62
"45091",511,702,23
"51199",40,38,-8
"48503",74,170,2
"06115",69,100,13
"02290",5,21,-1
"04027",290,674,-48
"08125",49,47,-1
"48505",12,15,-12
"48507",79,70,-37
"46137",4,22,2
