"FIPS","temp_oct","temp_nov"
"01001",68.2,59.5
"01003",71.6,64.3
"01005",68,60.6
"01007",66.1,57.5
"01009",64.8,55.6
"01011",67.4,60
"01013",68.7,60.4
"01015",65.4,56.6
"01017",64.9,57
"01019",64.3,55.1
"01021",66.6,58.2
"01023",68.9,59.6
"01025",69.8,61.8
"01027",65.1,56.5
"01029",64.3,56
"01031",69.8,61.6
"01033",62.1,53.8
"01035",69.6,61.4
"01037",66.5,57.9
"01039",69.8,61.8
"01041",68.2,60.3
"01043",64.1,55.4
"01045",70.1,61.9
"01047",68.4,59.6
"01049",63,53.8
"01051",68,59.4
"01053",70.3,62.5
"01055",64.8,55.7
"01057",64.7,56.1
"01059",61.9,53.9
"01061",70.7,62.8
"01063",67.2,58.1
"01065",67.1,58
"01067",70.2,62
"01069",71.4,63.5
"01071",63.5,53.9
"01073",65.5,56.5
"01075",64.6,55.5
"01077",61.8,53.1
"01079",62.1,53.5
"01081",66.2,58.5
"01083",62.4,53.2
"01085",68.9,60.2
"01087",67.2,59.5
"01089",63.1,53.7
"01091",68.7,59.1
"01093",62.8,54.6
"01095",64,55.2
"01097",71.1,63.6
"01099",69.9,61.9
"01101",68.5,60.2
"01103",63.4,54.6
"01105",67.2,58.3
"01107",65.8,57.2
"01109",68.1,60.6
"01111",64.7,56.4
"01113",67.1,59.8
"01115",65.4,56
"01117",65.8,56.8
"01119",68,58.4
"01121",66,56.7
"01123",65.8,57.7
"01125",66.1,57.2
"01127",64.6,56
"01129",69.9,61.9
"01131",69.1,60.4
"01133",62.5,54.5
"04001",54.9,43.7
"04003",67.3,56.8
"04005",58.8,45.1
"04007",66.3,53.9
"04009",68.1,55.6
"04011",63.1,51
"04012",77.1,62.3
"04013",76.7,64.1
"04015",69.1,54.5
"04017",56.9,44.3
"04019",74.3,63
"04021",75.4,62.8
"04023",66.3,56.7
"04025",65.9,53.6
"04027",77.8,64.2
"05001",61.7,56.4
"05003",62.4,57.2
"05005",56.5,51.9
"05007",56.9,52
"05009",56.1,51.7
"05011",61.4,56.5
"05013",60.9,56
"05015",56.2,51.1
"05017",62.2,57.6
"05019",60.1,54.2
"05021",57.5,53
"05023",58,52.5
"05025",60.6,55.1
"05027",61.3,56.8
"05029",59.5,53.3
"05031",58.5,53.8
"05033",59.3,52.8
"05035",60.9,55.4
"05037",59.8,54.6
"05039",60.2,54.4
"05041",61.3,56.8
"05043",61.5,56.4
"05045",59.2,53.4
"05047",59,52.6
"05049",56.1,51.4
"05051",59.7,54.2
"05053",60.4,54.1
"05055",57.9,53.6
"05057",60.6,55.2
"05059",60,54.3
"05061",60.3,54.3
"05063",57.2,52.1
"05065",56.4,51.4
"05067",58.2,53.2
"05069",60.7,55.3
"05071",58.2,51.9
"05073",62.1,57.4
"05075",57.2,52.6
"05077",61.2,55.9
"05079",61.1,56
"05081",62.3,56.8
"05083",59.8,53.2
"05085",60.1,54.5
"05087",56.2,50.8
"05089",56.5,52
"05091",62.8,57.9
"05093",59.4,54.5
"05095",61,56
"05097",59.7,53.7
"05099",60.3,55.1
"05101",55.5,50.8
"05103",60.7,55.6
"05105",60,53.9
"05107",61.8,56.2
"05109",59.8,53.6
"05111",59.2,54
"05113",59,53.2
"05115",58.5,52
"05117",60.1,55.2
"05119",59.9,54.1
"05121",56.9,52.5
"05123",60.5,55.4
"05125",59.8,54
"05127",59.5,53.5
"05129",56.2,51.2
"05131",60.2,54
"05133",61.4,55.6
"05135",56.1,51.4
"05137",56.9,51.5
"05139",61.8,57
"05141",57.5,51.6
"05143",57.2,51.7
"05145",59,53.7
"05147",59.2,54.3
"05149",60.1,53.4
"06001",69.9,54.5
"06003",52.4,37.4
"06005",68,50.7
"06007",68.4,51.9
"06009",68.7,51.2
"06011",71.2,53.8
"06013",71.2,54.8
"06015",59,45.2
"06017",63.6,46.6
"06019",63,48
"06021",69.4,51.8
"06023",60.9,47
"06025",79.9,65
"06027",67.9,51.6
"06029",68.8,52.8
"06031",70.2,54
"06033",68.4,50.3
"06035",53.4,37.6
"06037",69.2,56.5
"06039",64,48.9
"06041",66.1,53.6
"06043",64.6,48.6
"06045",65.8,49.5
"06047",69.2,53.6
"06049",52.4,37.8
"06051",51.4,37.5
"06053",67.2,53.5
"06055",68.9,52.7
"06057",61.7,44.7
"06059",72.6,61.8
"06061",63.1,46.2
"06063",54.5,38.2
"06065",75,60.9
"06067",69.8,53.7
"06069",67,52.2
"06071",73.5,57
"06073",70.6,58.7
"06075",66.4,55
"06077",70.3,54.4
"06079",67.6,54
"06081",66.6,54.2
"06083",66.5,55
"06085",68.4,53.4
"06087",66.7,54.1
"06089",63.2,46
"06091",55,39.1
"06093",55.5,39.6
"06095",69.9,54.1
"06097",67.3,52.7
"06099",69.4,53.7
"06101",70.2,54.2
"06103",68,50
"06105",60.2,43.8
"06107",62.1,46.7
"06109",59.7,43.9
"06111",65.5,54.1
"06113",69.7,53.5
"06115",69.3,52.4
"NA001",48.4,42.2
"NA003",47.4,35.9
"NA005",48.6,42.5
"NA007",49.6,37.4
"NA009",52.6,47.8
"NA011",51.8,46.8
"NA013",45.5,38.7
"NA014",49,43.3
"NA015",42.1,30.4
"NA017",49.6,44.9
"NA019",40.1,31
"NA021",46.2,33.8
"NA023",47.6,36.1
"NA025",50,44.2
"NA027",44.3,35.7
"NA029",50.6,38.5
"NA031",49.6,43.8
"NA033",48.5,35.9
"NA035",47.6,41.1
"NA037",42.8,31.4
"NA039",47.5,40.9
"NA041",48.4,41.3
"NA043",46.3,38.9
"NA045",46.1,35.3
"NA047",41.7,34.3
"NA049",40.5,30
"NA051",43.3,30.4
"NA053",42.9,29.8
"NA055",48.9,41.2
"NA057",38.6,29.2
"NA059",46.5,40.2
"NA061",50.4,45.2
"NA063",48.8,44.8
"NA065",39.2,27.7
"NA067",50.5,38
"NA069",43.3,35.8
"NA071",51.8,45.6
"NA073",48.2,42.6
"NA075",46.5,42.6
"NA077",50.6,38.8
"NA079",43.2,30.8
"NA081",45.2,35.1
"NA083",53,41.1
"NA085",51,39.2
"NA087",47.1,41.5
"NA089",52,46.6
"NA091",46,34
"NA093",41.2,31.5
"NA095",46.6,43.1
"NA097",42,30.4
"NA099",51.5,46.7
"NA101",51.9,45
"NA103",46.3,35.8
"NA105",45.9,33.4
"NA107",42.1,32.1
"NA109",44.7,32.2
"NA111",42,28.9
"NA113",49.5,37.1
"NA115",46.1,42.8
"NA117",39.5,28.7
"NA119",41.5,34.5
"NA121",47.4,43
"NA123",45.9,40.7
"NA125",48.2,43.9
"NA001",54.8,47.3
"NA003",53.3,45.4
"NA005",51.3,43.1
"NA007",54.5,46.7
"NA009",54.6,46.6
"NA011",54.6,47
"NA013",52.5,45.1
"NA015",52.7,45.2
"NA001",59.8,51.4
"NA003",58.1,50.3
"NA005",61.7,53.2
"12001",76.6,68
"12003",74,66.7
"12005",73.8,67.4
"12007",75.4,67.8
"12009",78.9,73.4
"12011",80.7,76.3
"12013",73.1,66.4
"12015",80.2,73.9
"12017",77.8,70.6
"12019",75.6,68.6
"12021",80.4,75.2
"12023",74.4,66.3
"12027",79.2,73.2
"12029",75.9,67.4
"12031",75.1,68.2
"12033",71.6,64.5
"12035",77.6,71.5
"12037",74.5,67.8
"12039",73,65.8
"12041",75.8,67.2
"12043",79.4,73.8
"12045",74.2,67.8
"12047",73.3,65.2
"12049",78.9,72.9
"12051",79.8,74.4
"12053",78.5,71.8
"12055",79,73.4
"12057",79.5,72.9
"12059",71.3,63.8
"12061",78.8,74
"12063",72.2,64.7
"12065",73.6,66.3
"12067",74.6,66.4
"12069",78.5,72.4
"12071",80.4,74.6
"12073",73.5,66.3
"12075",77.2,68.3
"12077",73.5,66.8
"12079",73.4,65.7
"12081",79.2,72.9
"12083",77.3,70.5
"12085",80.3,76.1
"12086",81.5,77
"12087",82,77.3
"12089",73.9,67.1
"12091",71.6,64.2
"12093",79.1,74.1
"12095",79.1,72.8
"12097",79.2,72.9
"12099",80.6,76.4
"12101",78.8,72.1
"12103",80,73.5
"12105",79.2,72.4
"12107",76.8,70.2
"12109",76.5,69.9
"12111",79.4,75.2
"12113",71,63.8
"12115",79.4,73.1
"12117",78.8,72.7
"12119",78.2,71.8
"12121",74.2,66
"12123",74.9,67.1
"12125",75.1,67.1
"12127",78.4,72.4
"12129",74.3,67.2
"12131",71.9,64.7
"12133",72.2,65.4
"13001",71.6,63.6
"13003",71.4,63
"13005",71.8,63.7
"13007",71.6,64
"13009",68.6,60
"13011",64.2,56.5
"13013",64.3,56.9
"13015",64,55.1
"13017",71.1,62.3
"13019",70.7,62.3
"13021",68.7,60.5
"13023",70.4,61.8
"13025",71.7,64.7
"13027",71.2,63.9
"13029",72.4,64.3
"13031",71,63
"13033",69.6,61.8
"13035",66.6,58.4
"13037",71.2,63.3
"13039",73,66.3
"13043",70.5,62.6
"13045",64.9,56.3
"13047",64.6,54.5
"13049",72.8,65.8
"13051",73.1,64.9
"13053",67.5,60.1
"13055",64.1,54.4
"13057",63.4,55.2
"13059",64.5,57
"13061",70,61.9
"13063",65.4,57.5
"13065",72.2,64.3
"13067",64.6,56.5
"13069",71.4,62.8
"13071",70.5,63
"13073",68.2,60.6
"13075",70.6,62.6
"13077",65.9,57.4
"13079",68.2,60.3
"13081",70.8,62.3
"13083",63.8,54
"13085",61.9,54.2
"13087",72.3,64.7
"13089",64.9,57
"13091",71.2,62
"13093",70.5,61.9
"13095",71.4,63.6
"13097",65,56.7
"13099",71.4,63.3
"13101",72.4,64.4
"13103",72,63.4
"13105",65.1,57.1
"13107",69.9,61.9
"13109",71.4,63.3
"13111",60.1,51.3
"13113",65.7,57.6
"13115",64,54.6
"13117",62.9,55.4
"13119",64.2,56.5
"13121",64.9,56.8
"13123",60.9,52.5
"13125",67.9,60
"13127",72.6,65.7
"13129",64,54.7
"13131",72,64.8
"13133",65.8,58.2
"13135",64,56.5
"13137",62.4,54.5
"13139",63.3,55.8
"13141",67.5,59.4
"13143",63.8,55.2
"13145",66.4,58.6
"13147",64.4,56.7
"13149",65.6,56.9
"13151",65.8,57.8
"13153",69.9,61.6
"13155",70.8,62.1
"13157",64.4,56.9
"13159",67.2,58.7
"13161",71.4,63
"13163",68.4,60.5
"13165",70,62.3
"13167",69.4,61
"13169",68.2,59.9
"13171",66.6,58.8
"13173",71.1,62.8
"13175",70.5,61.6
"13177",70.8,62.7
"13179",72.3,64.5
"13181",66.6,59
"13183",71.9,64.2
"13185",71.4,63.5
"13187",61.4,53.4
"13189",67.4,60.2
"13191",72.4,65.3
"13193",69.2,61
"13195",64.3,56.8
"13197",67.4,60
"13199",66,58
"13201",71.7,63.9
"13205",71.4,63.9
"13207",67.4,59.4
"13209",71.1,62.5
"13211",66.2,58
"13213",63.3,53.8
"13215",67.7,59.9
"13217",66,57.7
"13219",64.8,57.2
"13221",64.8,57.3
"13223",64.3,55.9
"13225",69.1,60.9
"13227",62.2,54
"13229",71.8,64.3
"13231",66.2,58.4
"13233",64,55.1
"13235",70.8,62.2
"13237",67.6,59.1
"13239",68.2,60.8
"13241",60.5,52.4
"13243",69.4,61.8
"13245",69.5,61.5
"13247",65.3,57.3
"13249",68.3,60.6
"13251",70.6,62.4
"13253",72.1,64.3
"13255",66.1,58.2
"13257",63.6,55.9
"13259",67.6,60.3
"13261",69.6,61.6
"13263",67,59.3
"13265",66,59
"13267",71.4,63.3
"13269",67.9,60.1
"13271",71.5,62.5
"13273",70.3,62.5
"13275",71.6,64.4
"13277",70.4,62
"13279",71.1,62.8
"13281",59.7,51.2
"13283",70.5,61.9
"13285",65.7,57.4
"13287",70.4,62.1
"13289",69.6,61.2
"13291",59.8,51.2
"13293",67,59.2
"13295",64.3,54.4
"13297",64.9,57.2
"13299",72.3,64.7
"13301",67.1,59.7
"13303",68.7,60.3
"13305",71.7,64.2
"13307",68.1,60.8
"13309",71.4,62.4
"13311",61.6,53.5
"13313",64.4,54.4
"13315",71.1,62.2
"13317",65.8,58.4
"13319",69.5,60.8
"13321",70.6,62.6
"NA001",52.5,39.3
"NA003",46.3,32.1
"NA005",47.6,34.6
"NA007",42.9,30.5
"NA009",45.5,37
"NA011",46.3,32.9
"NA013",45.4,31
"NA015",46.1,31.9
"NA017",42.6,34.1
"NA019",44.4,31.3
"NA021",41,32.3
"NA023",43.8,28.9
"NA025",45,30.6
"NA027",53,39.4
"NA029",44.1,31.6
"NA031",48.8,35.8
"NA033",41.7,28.1
"NA035",43.4,34.4
"NA037",41.8,26.9
"NA039",49.9,35.6
"NA041",47.2,34.6
"NA043",40.7,27.6
"NA045",50.6,36.7
"NA047",51.6,38.1
"NA049",42.5,32
"NA051",45.3,30.7
"NA053",50.8,38.6
"NA055",45.4,37.3
"NA057",46.2,37
"NA059",41.6,28.6
"NA061",46.1,35.6
"NA063",48.8,36.1
"NA065",45,31.1
"NA067",48.2,35.4
"NA069",49,38.6
"NA071",48.7,35.5
"NA073",50.4,36.9
"NA075",52.4,39.1
"NA077",47.3,34.2
"NA079",42.4,33.1
"NA081",42,28.4
"NA083",49.7,37
"NA085",42,28.7
"NA087",50.4,34.7
"NA001",51.8,47.5
"NA003",57.4,51
"NA005",54.1,49.1
"NA007",47.7,44.3
"NA009",51.6,47.2
"NA011",49.3,44.9
"NA013",53.4,49.1
"NA015",48,43.6
"NA017",51.4,47
"NA019",51.8,45.8
"NA021",52.4,47.2
"NA023",54.1,47.7
"NA025",55,49.2
"NA027",55.4,50.2
"NA029",52.9,47.1
"NA031",50.2,46.2
"NA033",55.3,48.6
"NA035",53.5,47.7
"NA037",48.2,43.9
"NA039",51.9,46.3
"NA041",52.8,46.9
"NA043",49.7,45.5
"NA045",52.9,46.4
"NA047",56,49.9
"NA049",53.7,48.2
"NA051",53.7,48.3
"NA053",51.1,45.8
"NA055",55.3,50.1
"NA057",50.8,46.7
"NA059",55.4,49.6
"NA061",52.9,48.4
"NA063",50.6,46.1
"NA065",55.4,50.3
"NA067",51,46.9
"NA069",55.9,50.1
"NA071",49.8,45.8
"NA073",49.1,45
"NA075",51,45.6
"NA077",55.6,49.9
"NA079",54.4,48.4
"NA081",55,49.9
"NA083",53.7,48.9
"NA085",47.2,43.1
"NA087",56.1,50.3
"NA089",48.6,44.5
"NA091",50.7,45.9
"NA093",49.9,45.1
"NA095",49.2,45.5
"NA097",48.5,45.7
"NA099",49.9,45.6
"NA101",55.8,49
"NA103",48.8,44.3
"NA105",51.1,46.5
"NA107",52.1,46.7
"NA109",50.1,46.9
"NA111",47.6,44.5
"NA113",51.6,46.4
"NA115",52.2,46.7
"NA117",52.6,48
"NA119",54.1,49.6
"NA121",54.7,49.2
"NA123",50.4,46
"NA125",51.8,46.8
"NA127",57.1,51.1
"NA129",51.6,46.6
"NA131",49.3,45
"NA133",55.5,51.1
"NA135",52.6,47.9
"NA137",51.7,47.4
"NA139",52.6,47
"NA141",48.4,44.3
"NA143",51,46.2
"NA145",55.1,49.8
"NA147",52.1,46.2
"NA149",52.2,48.2
"NA151",55.8,50.2
"NA153",57.6,51.3
"NA155",50,45.7
"NA157",55.2,50.2
"NA159",55.4,49.1
"NA161",49.3,44.7
"NA163",55.2,50.9
"NA165",55.1,49.9
"NA167",51.7,46.9
"NA169",51.3,47.3
"NA171",52.1,47.9
"NA173",52.8,47.5
"NA175",49.6,45.5
"NA177",47.4,43.5
"NA179",51.8,46.9
"NA181",56.3,50.3
"NA183",51.7,45.5
"NA185",56.1,49.4
"NA187",48.9,45.3
"NA189",55.3,50.2
"NA191",55.8,50.4
"NA193",55.4,49.9
"NA195",48.9,44.6
"NA197",50.2,45.4
"NA199",55.6,50
"NA201",47.9,44.4
"NA203",51,46.6
"18001",52.1,45.7
"18003",51.3,44.8
"18005",54.6,47.7
"18007",51.1,45
"18009",52.5,46.3
"18011",52.3,46.2
"18013",53.9,46.9
"18015",51.8,45.2
"18017",51.3,44.6
"18019",56.5,49.2
"18021",54.3,47.7
"18023",52,45.8
"18025",55.2,48.6
"18027",55.9,49.2
"18029",55.1,48.3
"18031",53.8,47.3
"18033",50.3,44.2
"18035",53.4,47.2
"18037",55.6,49
"18039",50,44.6
"18041",53.3,46.5
"18043",56.6,49.5
"18045",52.1,45.7
"18047",54,47.2
"18049",50.6,44.4
"18051",56.2,49.3
"18053",52.4,45.8
"18055",55.1,48.2
"18057",52.9,46.4
"18059",53.1,46.8
"18061",56.2,49.4
"18063",52.7,46.5
"18065",52.7,46.3
"18067",51.9,45.3
"18069",52.1,44.8
"18071",54.9,48
"18073",50.8,45
"18075",52.2,46
"18077",55.6,48.8
"18079",55,48.2
"18081",53.5,46.8
"18083",56.2,49.2
"18085",50.6,44.5
"18087",49.8,44.2
"18089",50.5,45.4
"18091",50.3,44.8
"18093",54.5,47.7
"18095",53.8,47.2
"18097",53.1,46.7
"18099",50.5,44.6
"18101",55.4,48.6
"18103",51.5,44.9
"18105",53.7,46.9
"18107",52.7,46.4
"18109",53.6,46.6
"18111",51.1,45.3
"18113",50.1,44.1
"18115",55.8,49.1
"18117",54.9,48.4
"18119",54.2,47.1
"18121",52.4,46.1
"18123",55.5,48.6
"18125",56,49.3
"18127",50.5,45.1
"18129",55.9,49.4
"18131",50,44.1
"18133",52.8,46.4
"18135",52,45.9
"18137",54.3,47.8
"18139",53.3,46.7
"18141",50.2,44.7
"18143",55.7,48.7
"18145",53.8,47.3
"18147",56.1,49.3
"18149",50.3,44.5
"18151",49.5,43.6
"18153",56,49.2
"18155",56.1,49.3
"18157",52,46
"18159",52.6,46
"18161",53.4,46.3
"18163",56.7,49.9
"18165",52.5,45.9
"18167",54.4,47.8
"18169",51.6,44.8
"18171",51.5,45.3
"18173",56.3,49.6
"18175",55.1,48.3
"18177",52.5,45.7
"18179",52.3,45.5
"18181",50.9,44.8
"18183",50.7,44
"19001",46,43.2
"19003",47.1,43.6
"19005",44.1,40.2
"19007",48,45.2
"19009",46,42.1
"19011",45.7,41.4
"19013",46,41.1
"19015",46.4,42.5
"19017",45.2,40.5
"19019",45,40.5
"19021",44,39.9
"19023",45.4,40.8
"19025",45.3,41.7
"19027",45.8,42.1
"19029",46.7,43.2
"19031",47.2,43.1
"19033",43.8,39.4
"19035",44,39.9
"19037",43.4,39.3
"19039",48,44.6
"19041",43.6,38.8
"19043",45.3,41
"19045",48.8,44.7
"19047",46.2,42.1
"19049",46.9,43.2
"19051",48.2,45.2
"19053",48.7,45.4
"19055",45.6,41.4
"19057",49.7,45.5
"19059",42.5,37.9
"19061",46.2,42.2
"19063",42.2,37.6
"19065",44.2,39.7
"19067",43.9,39.5
"19069",44.7,40.3
"19071",49.3,45.5
"19073",46.1,42.3
"19075",45.8,41.6
"19077",46.6,42.6
"19079",45.1,40.6
"19081",43.4,38.7
"19083",45.5,40.8
"19085",47.2,43.2
"19087",47.8,44.6
"19089",41.9,38.4
"19091",44.2,40.1
"19093",45,41.1
"19095",47.2,43.2
"19097",47.8,43.9
"19099",47.1,43.5
"19101",46.8,43.8
"19103",46.6,42.3
"19105",47.6,43.5
"19107",47.6,44
"19109",43.2,38.6
"19111",50.1,45.8
"19113",46.3,42.2
"19115",48.8,44.8
"19117",47.9,44.7
"19119",42.7,38.1
"19121",46.9,43.9
"19123",47.4,44.4
"19125",47,44.6
"19127",46.5,42.2
"19129",48.4,44.5
"19131",42.4,38.8
"19133",46.2,42
"19135",47.8,45
"19137",47.9,44.1
"19139",48.1,43.6
"19141",43.3,38.8
"19143",42,37.5
"19145",49,45.1
"19147",43.2,38.5
"19149",44.4,39.9
"19151",43.7,39.6
"19153",47.1,43.4
"19155",47.5,43.5
"19157",47.3,43.5
"19159",48,44.9
"19161",45.2,41.4
"19163",49.1,44.2
"19165",46.4,42.6
"19167",43.5,38.7
"19169",46.5,42.2
"19171",46.4,42.2
"19173",48.1,44.6
"19175",47.2,44
"19177",47.9,44.9
"19179",48,44.7
"19181",47.6,44.4
"19183",47.1,43.5
"19185",48,44.8
"19187",45,41.2
"19189",42.5,37.9
"19191",43.4,39.5
"19193",45.2,40.8
"19195",42.6,38.4
"19197",44.2,39.8
"NA001",53.6,50
"NA003",53.2,49.2
"NA005",51.4,47.1
"NA007",55.2,50.3
"NA009",52.4,47.4
"NA011",53.9,50.4
"NA013",50.9,46.3
"NA015",54.6,49.8
"NA017",53.3,48.3
"NA019",55.2,50.8
"NA021",55.5,51.8
"NA023",48.4,44.4
"NA025",54.6,49.8
"NA027",52.6,48.2
"NA029",52.6,48.3
"NA031",53.3,49
"NA033",55.1,50.2
"NA035",55.9,51.2
"NA037",54.7,51.1
"NA039",49.2,44.7
"NA041",53.6,49
"NA043",50.8,46.7
"NA045",53.1,49.1
"NA047",53.3,48.6
"NA049",54.7,50.1
"NA051",51.6,47.4
"NA053",53.6,48.8
"NA055",52.2,47.1
"NA057",53.5,48.3
"NA059",53.5,49.4
"NA061",53,48
"NA063",50.9,46.4
"NA065",50.4,46.6
"NA067",52.6,47.7
"NA069",52.6,47.6
"NA071",50.1,45.9
"NA073",54,49.3
"NA075",51.5,46.8
"NA077",55.8,50.5
"NA079",54.6,49.8
"NA081",52.5,47.6
"NA083",53.3,48
"NA085",51.5,46.4
"NA087",51.9,47.9
"NA089",51.1,46.5
"NA091",53,49.2
"NA093",51.8,47
"NA095",54.6,49.5
"NA097",54,49.4
"NA099",55.2,51.4
"NA101",51.8,46.7
"NA103",52.7,48.8
"NA105",53,48.4
"NA107",53.4,49.8
"NA109",50.4,46.1
"NA111",53.3,48.6
"NA113",54,49.2
"NA115",53.6,49
"NA117",51.9,46.5
"NA119",53.9,49.2
"NA121",53.2,49.4
"NA123",51.7,47.3
"NA125",55.4,51.2
"NA127",53,48.2
"NA129",53.8,49
"NA131",50.8,45.6
"NA133",54.5,50.8
"NA135",52,47.5
"NA137",49.7,45.4
"NA139",53.7,49.4
"NA141",51.6,47.1
"NA143",53.4,48.9
"NA145",52.4,47.6
"NA147",50.2,45.9
"NA149",52.1,46.7
"NA151",53.9,49.2
"NA153",48.8,44.8
"NA155",53.8,48.8
"NA157",51.3,47
"NA159",53.2,48.3
"NA161",52.6,47.3
"NA163",50.8,46.8
"NA165",51.9,47.3
"NA167",52.9,47.9
"NA169",54,49
"NA171",51.5,46.6
"NA173",55.1,50.1
"NA175",53.5,48.6
"NA177",52.9,48.3
"NA179",49.7,45.5
"NA181",48.7,45.1
"NA183",50.8,46.4
"NA185",52.5,47.7
"NA187",52.8,47.8
"NA189",53,48.4
"NA191",56.1,51
"NA193",49.2,44.8
"NA195",50.9,47.1
"NA197",53.1,48.2
"NA199",49.7,46.1
"NA201",51.8,47.6
"NA203",50.7,46.3
"NA205",55,51
"NA207",54.1,50.1
"NA209",53.2,49.4
"NA001",59.4,50.4
"NA003",59.3,51.3
"NA005",57,49.6
"NA007",58,51.7
"NA009",59.2,51.4
"NA011",56.6,48.7
"NA013",57.8,47.8
"NA015",56,49.2
"NA017",56.7,49
"NA019",57.2,48.8
"NA021",57.3,49.6
"NA023",56.3,48.5
"NA025",58.8,50
"NA027",56,48.8
"NA029",56.8,49.6
"NA031",58.7,51.4
"NA033",57.2,51.3
"NA035",57.8,51.4
"NA037",56,49
"NA039",58.1,51.8
"NA041",56.6,49.7
"NA043",56.1,47.9
"NA045",58.1,49.6
"NA047",58.1,51.5
"NA049",57.1,49.4
"NA051",58.5,49.2
"NA053",60,51
"NA055",56.7,50.6
"NA057",60.3,51.4
"NA059",56.9,50
"NA061",59.1,51.6
"NA063",56.5,48.2
"NA065",57.9,50
"NA067",56.7,49.1
"NA069",56.1,48.1
"NA071",59,50.1
"NA073",57.2,49.8
"NA075",58.4,52.2
"NA077",56.6,49.8
"NA079",57.7,49.9
"NA081",56.4,49.3
"NA083",57.5,51.4
"NA085",57.6,50.2
"NA087",58.9,50.8
"NA089",56.4,48.1
"NA091",56.1,48.8
"NA093",56.5,49.4
"NA095",56.9,47.1
"NA097",56.8,49.1
"NA099",58.6,51
"NA101",56.8,50.1
"NA103",56.6,49.4
"NA105",57.9,51.7
"NA107",58.3,52
"NA109",57.6,49.3
"NA111",57.3,50
"NA113",57.2,49.5
"NA115",58.3,49.5
"NA117",55.9,49.1
"NA119",58.4,49.4
"NA121",58.6,48.8
"NA123",57.2,49.8
"NA125",58.3,49.2
"NA127",57.6,49.2
"NA129",58.3,50
"NA131",58.2,48.6
"NA133",57.7,48.5
"NA135",55.7,47.7
"NA137",57.6,49.5
"NA139",56.9,50.9
"NA141",58.6,51.3
"NA143",57.2,51.2
"NA145",57.8,51.7
"NA147",58.9,49.3
"NA149",58,51.4
"NA151",57.7,49.9
"NA153",58.3,49.4
"NA155",57.5,49.9
"NA157",57.7,51.4
"NA159",58.6,50
"NA161",56.1,48
"NA163",55.9,48.9
"NA165",56.6,48.7
"NA167",57.2,49.7
"NA169",59.1,50.8
"NA171",59.2,51
"NA173",56.8,49.1
"NA175",57.1,48.7
"NA177",58.6,51.8
"NA179",57,49.8
"NA181",56.6,48.7
"NA183",57.7,50.6
"NA185",56.5,49.2
"NA187",56.7,49.5
"NA189",58.7,49.9
"NA191",56.5,49.2
"NA193",58.6,49.2
"NA195",59,50.2
"NA197",57.4,49.6
"NA199",58.6,49.7
"NA201",56.5,48.6
"NA203",57.8,49.5
"NA205",55.7,47.8
"NA207",59.5,50.3
"NA209",56.7,49.2
"NA211",56.5,49.2
"NA213",59.2,51.5
"NA215",56.9,49.6
"NA217",58.3,50.2
"NA219",58.3,51.3
"NA221",57.8,51.5
"NA223",56.3,49.3
"NA225",56.4,50
"NA227",59.5,51.8
"NA229",57.1,49.8
"NA231",59.5,50.2
"NA233",57.5,51
"NA235",58.9,49.1
"NA237",57.6,49.4
"NA239",57,49.5
"22001",69.5,63.6
"22003",68.7,62.8
"22005",71.3,64.3
"22007",71.9,64.9
"22009",68.5,61.7
"22011",68.8,62.9
"22013",64.4,59.1
"22015",64.1,59.2
"22017",64.6,59.5
"22019",69.8,64.1
"22021",65.3,58.7
"22023",70.7,65.1
"22025",66.7,59.9
"22027",62.2,57.2
"22029",67.6,60.6
"22031",64.8,60
"22033",70.4,63.3
"22035",64.4,58.4
"22037",69.3,62.5
"22039",68.8,62.6
"22041",65.4,59
"22043",66.6,59.7
"22045",71.5,64.4
"22047",71,64
"22049",64.4,58.2
"22051",72.6,66.1
"22053",69.2,63.8
"22055",70.2,63.7
"22057",72.8,66.2
"22059",66.5,59.6
"22061",63.2,57.7
"22063",70.6,63.6
"22065",65.7,59.1
"22067",63.6,57.8
"22069",66.6,60.2
"22071",72.2,65.8
"22073",64.2,58.1
"22075",73.5,67.4
"22077",69.7,63
"22079",67.7,61.2
"22081",65.3,60.1
"22083",64.6,58.4
"22085",66.7,60.8
"22087",72.7,66.3
"22089",72.2,65.5
"22091",69.4,62.4
"22093",71.7,64.7
"22095",71.6,64.8
"22097",69.5,62.9
"22099",70.9,64
"22101",72.1,65.3
"22103",70.8,63.9
"22105",70.1,63
"22107",66.2,59.6
"22109",73.1,66.4
"22111",63,57.6
"22113",70.8,64.6
"22115",68,61.9
"22117",69.5,62.4
"22119",63.3,58.4
"22121",70.6,63.6
"22123",63.8,58
"22125",69.2,62.6
"22127",65.7,59
"NA001",47.6,39.6
"NA003",42.1,34.7
"NA005",48.1,40.2
"NA007",43.7,35.2
"NA009",47.4,40.4
"NA011",47.5,39.7
"NA013",48.4,41.2
"NA015",48.6,41.4
"NA017",45.5,37.5
"NA019",45.4,38
"NA021",42.8,34.8
"NA023",48.6,41
"NA025",43.2,34.8
"NA027",47.3,39.9
"NA029",47.4,40.2
"NA031",48.7,40.4
"24001",55,47.6
"24003",60.6,52.6
"24005",58.3,50.4
"24009",61.2,52.6
"24011",59.8,51.6
"24013",56.7,48.8
"24015",58.6,50.5
"24017",60.8,53.1
"24019",61.8,52.9
"24021",57.2,49.4
"24023",51.9,44.4
"24025",58.6,50.3
"24027",58.2,50.6
"24029",59.6,51.2
"24031",58.3,51
"24033",59.8,52
"24035",59.4,51.2
"24037",61.9,52.8
"24039",63.1,54.1
"24041",60.2,52.1
"24043",56.4,48.8
"24045",62.2,53.5
"24047",63.1,54.6
"24510",60.4,52.4
"24511",59.7,52
"NA001",56,49.2
"NA003",49.8,41.5
"NA005",54.7,47.6
"NA007",56.5,49.8
"NA009",52.6,45.3
"NA011",51.2,42.2
"NA013",51.8,43.6
"NA015",51.4,42.8
"NA017",52.5,44.8
"NA019",56.9,50.6
"NA021",53.5,46.7
"NA023",54.7,48
"NA025",54.3,47.5
"NA027",51.3,43.3
"NA001",44.3,41.1
"NA003",39.8,36.7
"NA005",48,44.3
"NA007",43.6,41.8
"NA009",42.8,41.8
"NA011",46.5,42.7
"NA013",37.5,34.9
"NA015",47.3,43.5
"NA017",47.5,43.8
"NA019",43.8,42.1
"NA021",50.2,45.7
"NA023",48.7,43.4
"NA025",48.1,43.7
"NA027",49.6,44.7
"NA029",42.8,41.9
"NA031",42.1,41.2
"NA033",40.4,38.4
"NA035",44.3,40.6
"NA037",46.9,43.5
"NA039",41.9,40
"NA041",41,37.6
"NA043",38.2,36.4
"NA045",47.3,43.4
"NA047",42.7,41.7
"NA049",48.5,44.7
"NA051",45.7,41.6
"NA053",36.6,34.8
"NA055",43.7,42.1
"NA057",47,43.7
"NA059",48.7,43.3
"NA061",39.2,36.3
"NA063",48.2,44.3
"NA065",47.3,43.4
"NA067",46.6,43.4
"NA069",45.7,42
"NA071",36.7,34.1
"NA073",46.3,42.6
"NA075",48.1,43.4
"NA077",48.3,43.9
"NA079",42.6,40.5
"NA081",46.7,43.5
"NA083",40.1,36.1
"NA085",43.8,40.8
"NA087",48.6,43.8
"NA089",43.8,43.2
"NA091",50,44
"NA093",47.9,43.6
"NA095",39.2,37.5
"NA097",41,39.1
"NA099",50.5,45.1
"NA101",43.7,41.5
"NA103",38,35.7
"NA105",44.2,41.4
"NA107",44.6,41.2
"NA109",40.6,38.5
"NA111",47.2,43.4
"NA113",42.8,39.9
"NA115",51.5,45.4
"NA117",45.8,42.8
"NA119",42,40.8
"NA121",47.4,43.9
"NA123",45.2,41.9
"NA125",48.9,44
"NA127",45.5,42.1
"NA129",44.3,40.9
"NA131",38.1,36.2
"NA133",43.3,39.9
"NA135",42.8,40.4
"NA137",41,39.8
"NA139",47.9,44.4
"NA141",42.6,41.5
"NA143",43.2,40.3
"NA145",47.6,44.2
"NA147",50.1,44.9
"NA149",49.1,44
"NA151",48.6,44.1
"NA153",40.6,37
"NA155",47.3,43.8
"NA157",48.2,44
"NA159",49,44.7
"NA161",48.7,43.3
"NA163",50.8,45.1
"NA165",43,40.3
"NA001",38,33.5
"NA003",41.8,37.6
"NA005",37.1,31.7
"NA007",36.2,30.2
"NA009",40.4,36.1
"NA011",41.6,37
"NA013",42.4,38.2
"NA015",43,38.7
"NA017",37,33
"NA019",42.4,37.4
"NA021",38.4,33
"NA023",41.9,37.1
"NA025",40.6,37
"NA027",38.4,32.9
"NA029",36,30.1
"NA031",35.6,30.1
"NA033",42.2,39
"NA035",39.2,34
"NA037",42.5,38.2
"NA039",41.1,37.3
"NA041",39.4,34.1
"NA043",42,38.1
"NA045",41.5,38
"NA047",41.8,38.1
"NA049",42,37.3
"NA051",40.4,35.3
"NA053",42.4,37.4
"NA055",43.4,39.7
"NA057",37.4,31.9
"NA059",40.8,37.1
"NA061",36.6,31.8
"NA063",42,38.5
"NA065",40.2,35.3
"NA067",41,35.9
"NA069",37.8,29.5
"NA071",35.3,30.2
"NA073",41.8,37.5
"NA075",35.2,30.8
"NA077",35.7,28.6
"NA079",42.4,37.9
"NA081",40.5,36.8
"NA083",41.3,38
"NA085",42.2,37.2
"NA087",36.4,30.6
"NA089",36.8,29.4
"NA091",42.3,38.2
"NA093",40.6,35.6
"NA095",40.4,35.6
"NA097",39.9,34.9
"NA099",41.6,38.2
"NA101",40.4,37.5
"NA103",43.3,38.2
"NA105",41,37.3
"NA107",37.9,31.6
"NA109",41.6,37.5
"NA111",38.5,33.3
"NA113",36.1,29.3
"NA115",38.8,34.8
"NA117",40.4,36.6
"NA119",37.3,30.3
"NA121",40.5,35.1
"NA123",42.6,37.8
"NA125",36.4,29.7
"NA127",42.2,38.3
"NA129",42.3,37.5
"NA131",41.3,37.8
"NA133",42,37.7
"NA135",36.4,28.9
"NA137",35.3,31.1
"NA139",42.5,38
"NA141",40.8,36.5
"NA143",43.1,38.1
"NA145",40.3,35.8
"NA147",40.9,37.9
"NA149",40.9,35.7
"NA151",41.6,36.3
"NA153",39.4,34
"NA155",41.3,36.6
"NA157",42,38.1
"NA159",38.4,33.2
"NA161",41.2,37.8
"NA163",42.4,38
"NA165",43.1,39
"NA167",39.5,34.4
"NA169",42.7,38.8
"NA171",41.2,36.4
"NA173",41.8,37.9
"NA001",67.8,60.8
"NA003",61.3,53.9
"NA005",68.7,61.7
"NA007",64.9,57.5
"NA009",60.8,54.5
"NA011",61.9,57.2
"NA013",62.8,55.6
"NA015",64.9,57.8
"NA017",63.6,55.2
"NA019",63.6,56
"NA021",67.6,60.4
"NA023",68.3,58.8
"NA025",64.4,55.5
"NA027",62,56.6
"NA029",67.8,60.5
"NA031",68,59.9
"NA033",61,55.8
"NA035",68.9,60.8
"NA037",68.4,61.3
"NA039",70,62.4
"NA041",69.3,61
"NA043",64.1,57
"NA045",70.7,64
"NA047",70.7,63.8
"NA049",67.4,59.9
"NA051",66,58.8
"NA053",66.2,59.2
"NA055",65.5,59
"NA057",63.6,54.8
"NA059",71.4,64.3
"NA061",67.9,58.7
"NA063",67.7,60.6
"NA065",68,60.5
"NA067",68.5,59.6
"NA069",67.1,57.9
"NA071",61.8,55.8
"NA073",68.6,60.9
"NA075",68,58.3
"NA077",68.3,61
"NA079",66,58
"NA081",63.8,55
"NA083",65.4,58.5
"NA085",68.2,61
"NA087",65.4,56.3
"NA089",66.6,59.1
"NA091",68.8,61.5
"NA093",60.8,55.2
"NA095",64.7,55.2
"NA097",63.9,56.8
"NA099",66.6,57.6
"NA101",67.3,58.1
"NA103",66,57.5
"NA105",64.4,55.9
"NA107",61.8,56.5
"NA109",69.4,62.3
"NA111",69.1,60.7
"NA113",68.8,61.7
"NA115",62.8,55.1
"NA117",62.5,54.4
"NA119",62.2,56.8
"NA121",66.8,59.3
"NA123",66.6,58.4
"NA125",65.9,59.2
"NA127",67.3,59.8
"NA129",67.3,59
"NA131",69.6,62.3
"NA133",64.2,58.1
"NA135",63.9,57.4
"NA137",61,56.1
"NA139",61.3,54.2
"NA141",61.9,54
"NA143",61.5,56.2
"NA145",62.2,54.9
"NA147",68.8,61.7
"NA149",67.1,59.8
"NA151",63.2,58.2
"NA153",68.6,59.5
"NA155",63.2,55.7
"NA157",68.6,61.8
"NA159",65.2,56.8
"NA161",62.9,56.3
"NA163",67,59.5
"NA001",50.4,46.5
"NA003",50.6,46.6
"NA005",50.1,45.9
"NA007",52.4,48.7
"NA009",55.9,50.8
"NA011",54.8,50.8
"NA013",53.4,50.2
"NA015",53.6,50.3
"NA017",55.4,49.9
"NA019",53.3,49.4
"NA021",51.5,47.3
"NA023",56.8,51.7
"NA025",50.9,47.1
"NA027",53.6,49.5
"NA029",54.9,50.8
"NA031",56,50.3
"NA033",51.5,48.2
"NA035",56,50.8
"NA037",52.9,49.7
"NA039",55.5,51.4
"NA041",52,48.5
"NA043",54.7,49.9
"NA045",50.3,46.3
"NA047",52.4,49.4
"NA049",51.3,47.8
"NA051",54.2,50.6
"NA053",53.2,49.7
"NA055",53.6,49.6
"NA057",55.2,51.3
"NA059",54.3,50.1
"NA061",50.5,46.6
"NA063",50.7,46.4
"NA065",53.8,49.8
"NA067",55.1,50.3
"NA069",58.3,53.4
"NA071",53.8,49.9
"NA073",53.3,49.8
"NA075",50.4,46.7
"NA077",54.6,50.2
"NA079",50.3,46.8
"NA081",49.9,46.2
"NA083",53.2,50.4
"NA085",54.5,50.5
"NA087",50.5,46.4
"NA089",52.9,49.6
"NA091",55.4,50.7
"NA093",54.1,49.1
"NA095",52.8,49.5
"NA097",55.7,51.8
"NA099",55.2,50.8
"NA101",52.5,49.9
"NA103",50.3,46.6
"NA105",54.3,50.2
"NA107",52.2,49.3
"NA109",54.9,50.9
"NA111",50.9,46.9
"NA113",53.2,49.6
"NA115",50.8,47.1
"NA117",50.8,47.1
"NA119",56.9,52.5
"NA121",51.2,47.9
"NA123",54.3,49
"NA125",54.2,50.8
"NA127",51.8,47.9
"NA129",49.1,45.7
"NA131",54.6,51.1
"NA133",58.5,51.8
"NA135",53.4,50
"NA137",51.3,48.6
"NA139",53.1,49.7
"NA141",53.3,50
"NA143",58.9,52.4
"NA145",56.5,52.5
"NA147",49.9,46.4
"NA149",56,51.4
"NA151",54,50.5
"NA153",55.9,51.2
"NA155",59.2,53.6
"NA157",55,49.6
"NA159",53.1,49.9
"NA161",54.3,50.7
"NA163",52.6,48.8
"NA165",52.6,49
"NA167",55,50.7
"NA169",54.7,51
"NA171",48.5,45.5
"NA173",52.3,48.6
"NA175",51.8,49.3
"NA177",51.7,48.5
"NA179",54.8,49.7
"NA181",56.3,51.6
"NA183",54.5,50.4
"NA185",54.1,50.7
"NA186",54.9,50
"NA187",54.2,49.4
"NA189",55.1,50.6
"NA195",52.8,49.6
"NA197",49.4,45.9
"NA199",49.6,46.1
"NA201",57.7,51.2
"NA203",55.1,50.6
"NA205",50.5,47.5
"NA207",57.5,51.5
"NA209",55.5,50.4
"NA211",49.7,46.2
"NA213",56.1,51.1
"NA215",54.2,50
"NA217",54.4,50.7
"NA219",53.5,50.3
"NA221",54.3,49.6
"NA223",55.7,50.3
"NA225",54,49.6
"NA227",49.2,46
"NA229",54.2,49.7
"NA510",55.3,50.8
"NA001",39.2,27.7
"NA003",41.3,36.5
"NA005",38,32
"NA007",41.1,33.6
"NA009",40,34.5
"NA011",39.8,35.8
"NA013",39.7,35.4
"NA015",39.6,35.8
"NA017",40.9,35.6
"NA019",34,26.8
"NA021",38.8,33.6
"NA023",37.9,28.2
"NA025",39.2,34.9
"NA027",40.2,35.9
"NA029",38.2,31.5
"NA031",39.1,30.3
"NA033",39.8,34.8
"NA035",36.8,32.5
"NA037",40.2,35.2
"NA039",38.6,29.9
"NA041",37.3,29.9
"NA043",40.2,32.2
"NA045",38.7,34.8
"NA047",42,33.5
"NA049",38.9,33
"NA051",37.8,30.9
"NA053",40.5,32.1
"NA055",38.6,32.7
"NA057",40.1,30.2
"NA059",38.1,31.8
"NA061",41.5,31.9
"NA063",39.8,31.5
"NA065",41.8,36.6
"NA067",38,30.5
"NA069",42,37
"NA071",38.7,31
"NA073",38.4,33.5
"NA075",41.2,36.2
"NA077",38.2,30.4
"NA079",39.4,34.8
"NA081",39.8,30
"NA083",38.5,31.8
"NA085",36.6,29.5
"NA087",40.6,35.6
"NA089",41.9,31.9
"NA091",35.2,27.7
"NA093",39.6,29.5
"NA095",39.8,34.7
"NA097",40.4,34.6
"NA099",38.7,34.3
"NA101",38,32.8
"NA103",41.2,35.8
"NA105",36.3,29.1
"NA107",40.2,34.7
"NA109",37.8,33.6
"NA111",41.4,36.3
"NA001",49.3,44.8
"NA003",45.6,41.6
"NA005",44.9,41.6
"NA007",43.6,40.5
"NA009",45.3,42.7
"NA011",47,42.3
"NA013",43.1,39.8
"NA015",45.5,41.8
"NA017",45.3,42.5
"NA019",48.4,44.2
"NA021",46.9,42.6
"NA023",48,43.1
"NA025",49.1,44.6
"NA027",45.1,40.6
"NA029",47.9,44.1
"NA031",43.8,41.7
"NA033",44.5,41.6
"NA035",49.4,45.1
"NA037",48.2,43
"NA039",46.5,42.3
"NA041",46.5,43.1
"NA043",45.7,40.4
"NA045",43.8,41.2
"NA047",48.1,43.7
"NA049",45.5,42.4
"NA051",45.4,40.4
"NA053",48,43.4
"NA055",48.7,44
"NA057",48,44
"NA059",49.1,45.2
"NA061",49.5,45.1
"NA063",48.6,43.5
"NA065",49.4,44.2
"NA067",50.2,46.1
"NA069",44.2,40.6
"NA071",46.1,42.3
"NA073",48.7,43.9
"NA075",43.4,40.3
"NA077",47.3,42.6
"NA079",49.3,44.6
"NA081",49.5,44.9
"NA083",49.5,44.7
"NA085",47.7,43.9
"NA087",48.2,44.6
"NA089",45.1,41.4
"NA091",43.9,41.7
"NA093",48.6,43.7
"NA095",50.3,47.1
"NA097",49.5,45.5
"NA099",48.5,44.6
"NA101",46.9,42.9
"NA103",44.8,42.4
"NA105",43.2,39.8
"NA107",45.4,41.1
"NA109",49.4,44.6
"NA111",47.4,42.8
"NA113",45.5,42.2
"NA115",45.5,42.6
"NA117",45.3,41.8
"NA119",46.5,41.8
"NA121",49.3,44.2
"NA123",43.9,40.6
"NA125",48.3,43
"NA127",50.2,45.9
"NA129",50,45.5
"NA131",49.4,45.2
"NA133",50.3,45.9
"NA135",47.6,43.2
"NA137",48.5,44.2
"NA139",45.3,41
"NA141",47.8,42.5
"NA143",48.6,43.8
"NA145",49.2,44.2
"NA147",50.9,46.1
"NA149",44.8,41.9
"NA151",49.2,45.3
"NA153",49,44.3
"NA155",48.8,44
"NA157",44.2,40.8
"NA159",48.5,43.8
"NA161",43.1,40
"NA163",47.8,43.4
"NA165",42.3,39
"NA167",46.8,42.1
"NA169",50,46.2
"NA171",44.8,42.1
"NA173",46,41.2
"NA175",46.8,42.6
"NA177",48.2,43.6
"NA179",45.4,41.2
"NA181",49.9,45
"NA183",46.5,42.5
"NA185",48.8,44.4
"NA001",53.8,39.8
"NA003",70.8,54.8
"NA005",55.6,39.6
"NA007",49.1,35.5
"NA009",58.6,43
"NA011",50.4,36.7
"NA013",53.1,38.2
"NA015",52.1,38.2
"NA017",60.7,46
"NA019",56,40.3
"NA021",55.7,40.6
"NA023",56.8,41.7
"NA027",53.2,39.1
"NA029",56.6,40.8
"NA031",54.3,38.3
"NA033",51,36.2
"NA510",56.5,40.3
"33001",48.3,39.4
"33003",46.2,38.2
"33005",49.3,39.9
"33007",43.6,35.4
"33009",45.4,36.9
"33011",50,41.6
"33013",48.7,39.6
"33015",50.5,42.7
"33017",48.9,40.9
"33019",47.9,38.3
"NA001",59.1,51
"NA003",56,49.3
"NA005",58.4,50.5
"NA007",58.6,50.6
"NA009",60,51.8
"NA011",58.9,50.6
"NA013",56.4,49.6
"NA015",58.5,50.6
"NA017",57.9,51.5
"NA019",55.1,47.5
"NA021",56.8,49.2
"NA023",57.4,49.9
"NA025",58.1,50.1
"NA027",54,46.5
"NA029",58.4,50.5
"NA031",54.3,46.8
"NA033",58.4,50.5
"NA035",56,48.6
"NA037",52.3,44.4
"NA039",57,50
"NA041",53.7,46.1
"35001",55.6,45.8
"35003",53.2,43.3
"35005",60.4,53
"35006",51.2,42.1
"35007",49.5,41
"35009",57.3,50.8
"35011",59.2,52.3
"35013",63.9,55.2
"35015",62.9,55.4
"35017",61.4,50.4
"35019",56.4,49.2
"35021",54,47.2
"35023",65.7,54.8
"35025",61.1,54.1
"35027",56.8,48.6
"35028",51,40.7
"35029",64.5,54.3
"35031",52.3,42.1
"35033",51.5,42
"35035",60.7,51.7
"35037",57.6,50.8
"35039",50.1,39.2
"35041",58.2,51.6
"35043",53.2,42.9
"35045",55.4,43.3
"35047",54.6,46.6
"35049",51.8,42.6
"35051",61.3,51
"35053",56.5,47.4
"35055",48.9,37.6
"35057",52.3,44
"35059",51.7,45.6
"35061",56.8,47.5
"NA001",51.1,42.2
"NA003",49,42.3
"NA005",58,51.8
"NA007",49.9,42.5
"NA009",48.8,42.6
"NA011",50.2,43.6
"NA013",50.2,44.2
"NA015",50.6,42.3
"NA017",48.9,41.1
"NA019",46.9,39.4
"NA021",52.4,43.8
"NA023",48.3,41.3
"NA025",48.5,40.4
"NA027",53.3,45.1
"NA029",50.5,45.1
"NA031",44.6,36.1
"NA033",44.8,37.9
"NA035",47.8,39.6
"NA037",49.8,44.8
"NA039",50,41.6
"NA041",44,36
"NA043",46.1,38.4
"NA045",47.8,42.4
"NA047",58.5,52
"NA049",45.9,39.2
"NA051",50.3,44.8
"NA053",48.6,41.2
"NA055",50.7,45.9
"NA057",49.7,41.5
"NA059",57.5,51
"NA061",58.2,52
"NA063",50.6,45.5
"NA065",48.2,41
"NA067",50.1,43.4
"NA069",50.1,44.7
"NA071",53.3,45
"NA073",50.5,45.7
"NA075",49.4,43.1
"NA077",48.2,40.2
"NA079",54.2,45.7
"NA081",57.9,51.7
"NA083",51.1,42.6
"NA085",58.4,51.5
"NA087",55.3,47.6
"NA089",46.2,39.9
"NA091",49.3,41
"NA093",50.4,41.8
"NA095",48.8,40.5
"NA097",50,42.7
"NA099",50.8,44.5
"NA101",49.4,42.5
"NA103",56.6,48.8
"NA105",49.9,42.5
"NA107",49.8,42.4
"NA109",49.6,42.4
"NA111",51.1,44
"NA113",46.8,38.1
"NA115",49.5,40.5
"NA117",50.2,44.7
"NA119",55.6,48.2
"NA121",48.8,43.6
"NA123",50.1,44.3
"37001",61.6,53.5
"37003",60.8,52.4
"37005",55.8,47.6
"37007",65.2,57.3
"37009",54.5,45.9
"37011",54.3,46.5
"37013",66.4,58.4
"37015",64.4,56.2
"37017",67,58.3
"37019",69.4,60.5
"37021",57.8,48.9
"37023",60.7,52.6
"37025",62.9,54.9
"37027",60.3,51.9
"37029",65.7,57
"37031",68.3,60.6
"37033",61.2,53.4
"37035",61.6,53.6
"37037",62.7,54.4
"37039",59.5,50.8
"37041",65.4,57.1
"37043",58.7,50.2
"37045",62.5,54
"37047",67.6,59.2
"37049",66.4,58.4
"37051",65.6,57.5
"37053",66.4,57.6
"37055",67.4,59.3
"37057",61.7,53.7
"37059",61.3,53
"37061",66.1,57.3
"37063",62.7,54.1
"37065",64.7,56.3
"37067",61.2,52.7
"37069",62.9,54.2
"37071",63.8,55.4
"37073",64,55.5
"37075",57.7,49.3
"37077",62.2,53.8
"37079",65.4,57
"37081",61.2,53.4
"37083",63.2,54.5
"37085",64.6,56.5
"37087",54.8,46.3
"37089",59,50.2
"37091",63.5,54.9
"37093",65.5,57.5
"37095",67.2,59.5
"37097",61.6,53.4
"37099",56,48.1
"37101",64.6,56.1
"37103",66.1,58.1
"37105",63.8,55.6
"37107",65.4,57.1
"37109",62.6,54.4
"37111",59.6,51.6
"37113",57.6,49.5
"37115",58.5,49.6
"37117",65.2,57.3
"37119",63.8,55.6
"37121",55.4,47
"37123",63.9,56.1
"37125",64.1,56.2
"37127",63.7,55.1
"37129",70.7,60.9
"37131",63,54.1
"37133",67.5,59.3
"37135",62.1,53.6
"37137",67.3,59.2
"37139",65.9,57.2
"37141",68.7,59.4
"37143",65.5,57.1
"37145",61.6,53.6
"37147",65.7,57.7
"37149",62.1,53.6
"37151",61.7,54
"37153",65.5,57.6
"37155",66.7,58.7
"37157",61.2,53.2
"37159",61.8,53.9
"37161",62,53.7
"37163",65.6,57
"37165",66.3,58.4
"37167",63.9,55.9
"37169",60.7,51.8
"37171",59.6,51.1
"37173",56.2,47.8
"37175",57.9,49.8
"37177",66.8,58.7
"37179",64.3,56.1
"37181",62.2,53.6
"37183",63.7,55
"37185",62.4,53.8
"37187",65.9,57.9
"37189",54.8,46.7
"37191",65.2,56.5
"37193",60.3,51.8
"37195",64.9,56.3
"37197",60.7,52.2
"37199",55.3,46.8
"NA001",37.2,35.7
"NA003",38.6,32.9
"NA005",38.3,30.8
"NA007",37.6,33.6
"NA009",37,28.2
"NA011",38.2,35.8
"NA013",35.4,27.9
"NA015",38.1,33.4
"NA017",38.8,33
"NA019",36.2,26.4
"NA021",38.8,33.9
"NA023",35.6,28.1
"NA025",38.2,33.6
"NA027",38.1,31.3
"NA029",38.2,34.2
"NA031",38.1,31.5
"NA033",37.4,33.4
"NA035",38.2,30.2
"NA037",37.7,35
"NA039",37.8,31.2
"NA041",37.3,34.5
"NA043",37.1,32.3
"NA045",39,33.5
"NA047",37.6,32.8
"NA049",38.6,30.8
"NA051",37.2,33.4
"NA053",37.8,32.2
"NA055",38.9,33.4
"NA057",38.7,33.8
"NA059",38,34
"NA061",36.7,30.3
"NA063",37,29.6
"NA065",38,33.6
"NA067",37.9,28.5
"NA069",38,30.1
"NA071",37.4,29.5
"NA073",38.9,33.8
"NA075",36.7,28.8
"NA077",39.6,34.7
"NA079",36.5,27.3
"NA081",39,33.9
"NA083",38.2,33.2
"NA085",37.9,35.5
"NA087",38,34.9
"NA089",37.8,34.2
"NA091",37.8,30.1
"NA093",38.2,32.6
"NA095",36.9,27.4
"NA097",38.6,30.9
"NA099",37.6,29.1
"NA101",37.9,31.1
"NA103",38,32.3
"NA105",36.6,30
"39001",55.4,47.5
"39003",52.7,46.4
"39005",52.1,45.3
"39007",52.2,46
"39009",55.1,47.4
"39011",52.2,46
"39013",53.9,46.1
"39015",55.2,47.2
"39017",54.6,47.2
"39019",53.2,45.7
"39021",52.3,45.5
"39023",53.4,46.5
"39025",55.3,48
"39027",54.2,46.7
"39029",52.6,45.6
"39031",53.5,45.7
"39033",52.2,45.7
"39035",53.2,47
"39037",52.3,46
"39039",51.6,45.1
"39041",52.9,45.8
"39043",53.2,47
"39045",54.2,46.4
"39047",53.9,46.6
"39049",54,46.7
"39051",51.3,44.9
"39053",56,47.3
"39055",51.8,45.5
"39057",53.9,47.2
"39059",53.8,45.9
"39061",55.4,48.4
"39063",53,46.7
"39065",53.2,46.8
"39067",53.7,46
"39069",52,45.5
"39071",54.4,46.4
"39073",54.3,46.6
"39075",52.7,45.2
"39077",52.2,45.9
"39079",55.1,47.7
"39081",53.8,46.4
"39083",52.1,44.6
"39085",53.4,47.2
"39087",56.7,48.1
"39089",53.2,45.6
"39091",51.8,45.4
"39093",52.7,46.5
"39095",52.7,46.6
"39097",53.5,46.4
"39099",52.1,45.8
"39101",52.8,46.2
"39103",52.7,45.9
"39105",55.4,47.1
"39107",51.9,45.6
"39109",53.6,47
"39111",54.1,46.3
"39113",54.4,47.5
"39115",54.6,46.8
"39117",51.8,44.9
"39119",54.2,46.4
"39121",54.2,46.4
"39123",52.9,46.4
"39125",51.5,45.2
"39127",54,46.2
"39129",54.8,47.3
"39131",55.3,48
"39133",52.4,45.7
"39135",53.1,45.8
"39137",52.4,46
"39139",51.9,45.2
"39141",55,47.8
"39143",52.6,46.1
"39145",55.8,48
"39147",52.2,45.8
"39149",52.1,45.7
"39151",53.4,46.2
"39153",53.4,46.4
"39155",52.1,45.7
"39157",53.6,45.9
"39159",52.7,45.9
"39161",51.8,45.6
"39163",54.4,47.3
"39165",54.7,47.6
"39167",55.4,47.9
"39169",52.6,45.4
"39171",50.7,44.5
"39173",52.6,46.4
"39175",53.2,46.8
"40001",57.9,52.7
"40003",56.5,51.4
"40005",60.5,56
"40007",54.9,50.2
"40009",57.9,53.2
"40011",57.4,52.2
"40013",61.4,57.1
"40015",58.4,53.6
"40017",58.9,53.6
"40019",60,56.5
"40021",57.8,53.6
"40023",61.2,56.5
"40025",53.7,48.5
"40027",59.1,54.6
"40029",60,56.1
"40031",59.6,54.5
"40033",60.9,55.5
"40035",56,52.3
"40037",58.5,53.9
"40039",56.9,52.2
"40041",56.5,52.8
"40043",56.2,51.2
"40045",56.2,51
"40047",57.5,52.6
"40049",59.1,55.5
"40051",59,54.3
"40053",56.9,51.8
"40055",59.1,54.4
"40057",59.8,55.1
"40059",55.6,50.7
"40061",60,55.2
"40063",59.2,55.3
"40065",60.8,55.1
"40067",60.8,56.5
"40069",60.1,56.7
"40071",57.4,52.5
"40073",58.7,53.2
"40075",59.1,54.2
"40077",59.9,55
"40079",60,54.4
"40081",59.2,54.5
"40083",59.2,53.8
"40085",60.8,57.1
"40087",59,54.7
"40089",61.3,55.7
"40091",59.3,55.4
"40093",56.8,51.7
"40095",60.9,57.1
"40097",56.9,53.1
"40099",59.5,56.3
"40101",59,55
"40103",58.2,53.3
"40105",56.2,52
"40107",58.9,54.7
"40109",59.5,54.4
"40111",58.7,54.6
"40113",57.4,52.2
"40115",56.7,52.9
"40117",58.7,53.4
"40119",58.7,54
"40121",59.6,55.4
"40123",59.2,55.9
"40125",59.1,55
"40127",60.2,55.1
"40129",57,52.1
"40131",57.4,53.1
"40133",59,55.1
"40135",59.8,54.2
"40137",59.5,55.4
"40139",54.7,49.4
"40141",61.6,55
"40143",58.2,53.7
"40145",58.3,54.3
"40147",56.7,52
"40149",57.5,53.2
"40151",55.8,50.8
"40153",55.8,50.7
"NA001",48.9,34.4
"NA003",54.5,44.3
"NA005",51.2,40.9
"NA007",52.6,44.3
"NA009",52.8,43.1
"NA011",56.6,47
"NA013",49.8,36.6
"NA015",59.3,46.4
"NA017",48.3,35.4
"NA019",55.2,43.1
"NA021",53.3,40.1
"NA023",48.2,34.7
"NA025",50,35.6
"NA027",49.2,37.8
"NA029",56,40.9
"NA031",51.3,38.4
"NA033",57.1,43
"NA035",49.6,35.1
"NA037",49.9,35.7
"NA039",53.1,42.3
"NA041",54.6,46.3
"NA043",51.7,41.3
"NA045",51.7,36.5
"NA047",51.8,41.4
"NA049",52.4,40
"NA051",53.4,43.8
"NA053",54,43.7
"NA055",53.4,40
"NA057",52.7,44.1
"NA059",51.3,39.7
"NA061",47.2,35.3
"NA063",45.9,33.3
"NA065",51.9,39
"NA067",53.6,43.6
"NA069",51.5,38
"NA071",53.8,43.9
"42001",55.9,47.8
"42003",54.2,47
"42005",52.1,44.7
"42007",53.3,46.4
"42009",53.1,47.2
"42011",55.5,47.1
"42013",51.7,44.9
"42015",50.4,42.3
"42017",55.9,48.3
"42019",51.8,45.1
"42021",50.2,43.3
"42023",50,41.8
"42025",51.2,43
"42027",51.6,43.7
"42029",56.2,48.7
"42031",51,43.6
"42033",50.6,43.1
"42035",51.1,42.9
"42037",52,44
"42039",50.8,44.2
"42041",55.6,48.2
"42043",54.9,47.2
"42045",57.7,50.2
"42047",50,42.2
"42049",51.2,45
"42051",53,45.6
"42053",50.2,42.7
"42055",55.4,48.4
"42057",54.4,48.3
"42059",54.1,46.4
"42061",53.3,46.4
"42063",51.4,44.2
"42065",50.5,43.6
"42067",53.7,45.8
"42069",51.2,43.6
"42071",56.3,48.7
"42073",52,46
"42075",55.1,47.4
"42077",54.3,46.6
"42079",51.4,43.2
"42081",51.2,43.1
"42083",49.2,41.9
"42085",51.2,44.8
"42087",53.2,45.1
"42089",50.6,43.6
"42091",56.5,48.5
"42093",52.8,44.7
"42095",53.7,46.4
"42097",52.8,45
"42099",54.5,46.8
"42101",58.2,50.4
"42103",50.6,43
"42105",48.8,41.3
"42107",52.8,44.6
"42109",52.9,45.1
"42111",50.8,44.1
"42113",49.1,41.5
"42115",50.4,42.7
"42117",49.4,42.1
"42119",52.6,44.4
"42121",50.9,43.5
"42123",49.6,42.7
"42125",54,46.6
"42127",50.2,42.6
"42129",53,45.8
"42131",51.4,43.7
"42133",56.3,48.5
"44001",55.8,48.6
"44003",54.4,47.4
"44005",56.2,49.2
"44007",53.5,46.5
"44009",55.5,48.2
"45001",65.2,57.2
"45003",68.5,60.2
"45005",69.6,61
"45007",64.6,56.6
"45009",68.6,59.8
"45011",68.8,60.3
"45013",73.5,64.6
"45015",70.3,62.6
"45017",68.7,60.1
"45019",71.5,64
"45021",63.6,55.1
"45023",64.5,56.1
"45025",65.7,57.9
"45027",68.3,60.6
"45029",70.7,62.3
"45031",67,59.1
"45033",67,59.4
"45035",70.2,62.1
"45037",67.6,59.5
"45039",65.2,56.8
"45041",67.7,60
"45043",68.8,61.6
"45045",63.8,55.8
"45047",65.8,57.8
"45049",70.8,61.8
"45051",67.9,60.6
"45053",72.4,63.4
"45055",65.9,57.9
"45057",64.4,56.3
"45059",64.9,57
"45061",66.8,59.2
"45063",67.1,58.5
"45065",66.6,58.5
"45067",67.3,60.2
"45069",66.8,58.9
"45071",65.6,57.2
"45073",63.3,55.3
"45075",68.9,60.2
"45077",63.8,55.9
"45079",67.5,59
"45081",66.4,58.2
"45083",64.1,55.9
"45085",67.4,59.8
"45087",64.6,56.2
"45089",68.6,61.1
"45091",64,55.6
"NA003",43,39.9
"NA005",41.7,38
"NA007",42.8,41.3
"NA009",44.8,40.5
"NA011",40.2,36
"NA013",39.3,35.4
"NA015",43.8,41.1
"NA017",42.6,39.8
"NA019",40.8,38
"NA021",38.6,35.6
"NA023",45.1,41.4
"NA025",40.3,36.4
"NA027",44.4,39.5
"NA029",39.6,35.7
"NA031",38.5,36.6
"NA033",41.5,39.4
"NA035",42.7,38.9
"NA037",39.1,35.5
"NA039",40.3,36.3
"NA041",39.9,38.1
"NA043",43.7,40.2
"NA045",38.3,35.3
"NA047",42.7,39.8
"NA049",39,36.6
"NA051",40.7,36.9
"NA053",44.9,41.9
"NA055",40.9,39.4
"NA057",40.1,35.9
"NA059",40.7,38.3
"NA061",42.6,38.3
"NA063",39.4,37.4
"NA065",42.3,39.7
"NA067",43.5,39.3
"NA069",40.4,38.2
"NA071",42.4,40.9
"NA073",41.7,39
"NA075",42.9,41.5
"NA077",40.7,36.7
"NA079",41.1,36.6
"NA081",38,37.2
"NA083",43.2,38.4
"NA085",43.7,41.2
"NA087",42.8,38
"NA089",37.4,34.3
"NA091",38.7,34.3
"NA093",40.8,39.2
"NA095",43.8,42.5
"NA097",41.7,37.4
"NA099",43,38.2
"NA101",40.9,36.4
"NA102",43.4,41.2
"NA103",40.9,39.1
"NA105",38.4,37.4
"NA107",39.4,37
"NA109",40.3,36.3
"NA111",42.2,38.2
"NA115",40.6,37.2
"NA117",41.8,39.8
"NA119",40.7,38.7
"NA121",43.7,42.3
"NA123",44.2,42.2
"NA125",43.6,38.8
"NA127",44.3,39.4
"NA129",39.2,36.4
"NA135",44.7,40.1
"NA137",39.8,38.7
"NA001",60.4,50.8
"NA003",62,52.1
"NA005",59.8,52.9
"NA007",60.8,51
"NA009",60.9,52
"NA011",63.3,53.1
"NA013",59,48.9
"NA015",61.3,51.6
"NA017",59.2,52.9
"NA019",57.5,48.9
"NA021",60.6,51.9
"NA023",60.4,53.4
"NA025",58.6,48.6
"NA027",60.1,51.7
"NA029",61.1,51.6
"NA031",61.1,51.4
"NA033",59.7,53.1
"NA035",58.4,49.3
"NA037",61,52.4
"NA039",60.8,53.3
"NA041",61.2,51.7
"NA043",60,51.4
"NA045",59.3,53.2
"NA047",60.7,54.4
"NA049",58.9,50.1
"NA051",62.5,52.6
"NA053",58.9,52.7
"NA055",60.1,50.7
"NA057",60.2,50.6
"NA059",60.7,51.2
"NA061",60.1,50.7
"NA063",61,51.6
"NA065",63.3,53.2
"NA067",59.1,49.5
"NA069",60.6,53.8
"NA071",61.2,53.5
"NA073",60.2,50.7
"NA075",60.2,53.6
"NA077",60.1,53.3
"NA079",58.5,52
"NA081",60.3,51.7
"NA083",59.2,52.1
"NA085",59.7,52.4
"NA087",60.4,51.9
"NA089",61.8,52.3
"NA091",55.9,47.3
"NA093",61.3,52.1
"NA095",59.3,53.2
"NA097",59.7,53.9
"NA099",60.2,51.2
"NA101",60.2,51.6
"NA103",61.7,51.6
"NA105",61.7,52.4
"NA107",62.8,52.7
"NA109",60.8,53.6
"NA111",59.4,51.1
"NA113",60.1,53.3
"NA115",62.4,53
"NA117",61.3,51.7
"NA119",60.6,51.5
"NA121",62.6,52.5
"NA123",61.3,52
"NA125",59.6,52.2
"NA127",62,51.9
"NA129",59.2,50
"NA131",58.3,52.3
"NA133",59.7,51.4
"NA135",60.6,52.6
"NA137",60.1,51.3
"NA139",62.2,52.4
"NA141",59.8,51.1
"NA143",61.8,51.8
"NA145",61.5,51.9
"NA147",59.7,51.9
"NA149",61.6,52.1
"NA151",58.6,49
"NA153",61.3,51.3
"NA155",60.1,50.8
"NA157",61.1,55.2
"NA159",60.8,52
"NA161",58.7,52.1
"NA163",59.7,50.4
"NA165",60,51.8
"NA167",60.3,54.5
"NA169",60.3,51.8
"NA171",57.4,48.8
"NA173",59.9,50.1
"NA175",60.2,50.6
"NA177",61.1,51.3
"NA179",60.1,50.8
"NA181",61,52.5
"NA183",57.6,51.9
"NA185",60.2,50.9
"NA187",60.6,51.4
"NA189",60.9,52.2
"NA001",65.2,60.5
"NA003",63.3,57.2
"NA005",66.7,61.2
"NA007",74.2,70.1
"NA009",62.2,57.3
"NA011",58.4,53.1
"NA013",72.2,67.5
"NA015",70,64.7
"NA017",57.5,51.6
"NA019",68.7,63
"NA021",69.8,64.4
"NA023",62.1,57.5
"NA025",73.1,69.1
"NA027",67.1,62
"NA029",71.2,66
"NA031",68,62.9
"NA033",62.8,58.3
"NA035",65.2,60.4
"NA037",63.2,57.7
"NA039",72.4,67.5
"NA041",68.9,62.2
"NA043",66.9,61.4
"NA045",59.3,54.3
"NA047",75.1,71.4
"NA049",65.5,60.3
"NA051",68.9,62.8
"NA053",67,62.7
"NA055",70.3,65.1
"NA057",73.7,69.6
"NA059",63,58.7
"NA061",77,74
"NA063",63.6,58.5
"NA065",57.3,51.4
"NA067",63.9,58.2
"NA069",56.4,51.2
"NA071",71.8,66
"NA073",65.1,60.7
"NA075",60.3,55.7
"NA077",62.2,57.2
"NA079",58,52.4
"NA081",64,58.7
"NA083",64.9,59.8
"NA085",63,58.5
"NA087",58.7,53.9
"NA089",71.3,65.8
"NA091",69.9,64.7
"NA093",65.1,60.1
"NA095",65.6,59.4
"NA097",61.9,57.8
"NA099",66.2,61.1
"NA101",61.2,56.9
"NA103",67.7,61.1
"NA105",67.1,61
"NA107",59.8,55.6
"NA109",64.3,57.7
"NA111",54,48
"NA113",64.7,60.1
"NA115",61.8,56.7
"NA117",55.9,50.3
"NA119",62.4,58.3
"NA121",63.8,59.1
"NA123",72.2,67
"NA125",61,57.2
"NA127",73.3,68
"NA129",58.3,53.3
"NA131",73.6,70
"NA133",63.1,58.8
"NA135",65.4,58.8
"NA137",68.6,62.2
"NA139",64.9,60.4
"NA141",66.3,58.8
"NA143",64.5,59.6
"NA145",66.5,60.9
"NA147",61.9,57.7
"NA149",70.6,64.5
"NA151",62.6,58.4
"NA153",58.6,54.2
"NA155",61.7,57.1
"NA157",71.7,66.7
"NA159",62.9,58.2
"NA161",65.5,60.2
"NA163",72.2,66.7
"NA165",61.2,55.6
"NA167",73.3,67.9
"NA169",61.6,57.2
"NA171",67.2,60.9
"NA173",64.8,58.9
"NA175",72.8,68.3
"NA177",71.4,66.1
"NA179",57.5,51.7
"NA181",62,57.8
"NA183",64.1,58.6
"NA185",69.2,63
"NA187",70.8,65.9
"NA189",58,53.1
"NA191",59.9,55.3
"NA193",65.7,60.7
"NA195",56.2,50
"NA197",61.2,56.2
"NA199",69,63
"NA201",71.4,66.1
"NA203",64.3,58.6
"NA205",55.1,49.2
"NA207",62,58.2
"NA209",69,64.3
"NA211",56.4,51.4
"NA213",64.3,60
"NA215",76.4,72.9
"NA217",65.1,60.6
"NA219",58.7,53.4
"NA221",64.2,59.4
"NA223",62.8,58.3
"NA225",66.8,61.3
"NA227",63.6,58.9
"NA229",63.4,57.2
"NA231",62.5,58.4
"NA233",58.1,51.6
"NA235",65.7,59.3
"NA237",62.8,58.1
"NA239",72.5,68.2
"NA241",67.8,61.9
"NA243",64.2,57.8
"NA245",70.8,65
"NA247",74.7,71.1
"NA249",74.2,70.3
"NA251",64.3,59.9
"NA253",62.8,58.5
"NA255",72.2,67.7
"NA257",64,59.8
"NA259",68.6,62.9
"NA261",75.6,72.1
"NA263",62.2,58
"NA265",67.2,60.9
"NA267",67.2,59.7
"NA269",62.2,58.2
"NA271",72,66.2
"NA273",75.5,71.4
"NA275",62,57.8
"NA277",61.7,57.8
"NA279",57.4,52.2
"NA281",66.6,61.9
"NA283",73.1,68.3
"NA285",72,66.3
"NA287",69.2,63.5
"NA289",66.8,60.2
"NA291",70.4,64.7
"NA293",65.6,60.4
"NA295",55.2,50.5
"NA297",73.1,69
"NA299",67.8,61.8
"NA301",65.9,58.8
"NA303",59.7,54.7
"NA305",60.7,55.7
"NA307",66.3,60
"NA309",65.9,60.9
"NA311",72.8,68.6
"NA313",68.4,61.2
"NA315",64.2,58.3
"NA317",63.6,58.2
"NA319",67.1,60
"NA321",72.5,68.4
"NA323",73.5,67.9
"NA325",71.1,65.4
"NA327",66.1,59
"NA329",65.5,59.1
"NA331",68.3,62.2
"NA333",66.2,61.1
"NA335",63.6,58.9
"NA337",62.2,57.6
"NA339",70.2,64.9
"NA341",57,50.8
"NA343",63.8,58.4
"NA345",60.4,56.2
"NA347",65.3,60.4
"NA349",65.2,60.7
"NA351",68.1,62.2
"NA353",62.5,58.4
"NA355",74.8,70.7
"NA357",55.5,50.4
"NA359",56.4,50.6
"NA361",70,64.1
"NA363",63.3,58.7
"NA365",64.3,59.6
"NA367",63.2,58.5
"NA369",56.7,51
"NA371",66.4,60.7
"NA373",68,62.4
"NA375",57.4,51.6
"NA377",66.8,60.6
"NA379",63,58.6
"NA381",57,51.7
"NA383",66.1,59.7
"NA385",68.6,62.3
"NA387",62.5,57.6
"NA389",66.4,59.4
"NA391",73.4,69.3
"NA393",57.3,51.5
"NA395",67.7,60.7
"NA397",63.4,59.2
"NA399",64.1,58.7
"NA401",64.3,59.5
"NA403",67.1,61.3
"NA405",66.4,61
"NA407",69.1,64
"NA409",73.9,70
"NA411",67.1,61.6
"NA413",65.9,59
"NA415",62.9,58.3
"NA417",62.8,58.4
"NA419",64.7,60.1
"NA421",55.6,49.3
"NA423",63.9,59.1
"NA425",64.7,60
"NA427",75.8,72.1
"NA429",62.5,58.2
"NA431",64.6,59
"NA433",62.2,58.2
"NA435",67.4,60.2
"NA437",57.4,52.5
"NA439",64.4,59.6
"NA441",62.9,58.4
"NA443",67.8,62.4
"NA445",60,54.3
"NA447",62.4,58
"NA449",63.4,58.4
"NA451",65.4,58.9
"NA453",68.8,64.2
"NA455",67.3,62
"NA457",67.4,61.4
"NA459",63.8,58.4
"NA461",67.1,60.9
"NA463",71.2,65.3
"NA465",69.8,63.9
"NA467",63.3,59.3
"NA469",72.6,67.9
"NA471",68.8,63.2
"NA473",70.2,64.8
"NA475",66.8,60.1
"NA477",69.2,63.6
"NA479",74,69.7
"NA481",71.8,67.6
"NA483",57.6,52.5
"NA485",61.8,56.2
"NA487",62,56.1
"NA489",76.1,73
"NA491",67.9,63.5
"NA493",71.6,67.1
"NA495",65.5,58.8
"NA497",63.2,58.4
"NA499",63.4,58.4
"NA501",59.2,53.6
"NA503",62.5,57.9
"NA505",75.4,71.4
"NA507",72.7,67.1
"NA001",53.2,39.7
"NA003",50.7,37.3
"NA005",46.4,34.6
"NA007",49.8,34.7
"NA009",44.5,31.3
"NA011",52.7,39.8
"NA013",46.1,32.1
"NA015",55.1,39.2
"NA017",54.6,39.9
"NA019",55.3,41.3
"NA021",54.3,39.8
"NA023",52.6,39.1
"NA025",58.2,43
"NA027",54.3,40.2
"NA029",47.5,35.5
"NA031",49.5,36.3
"NA033",44.2,31.3
"NA035",52.2,39.6
"NA037",57.4,43.4
"NA039",48.6,35.6
"NA041",50,36.6
"NA043",42.9,30.8
"NA045",53.5,39.2
"NA047",49.4,35.2
"NA049",49.9,37.5
"NA051",45.5,32.9
"NA053",61.6,47
"NA055",56.5,41
"NA057",49.3,37.1
"50001",47.5,38.9
"50003",47.5,39
"50005",44,35.7
"50007",48.2,41.1
"50009",43.7,34.8
"50011",47.3,40.5
"50013",48.1,41.7
"50015",45.6,38.1
"50017",46,37.5
"50019",44.8,36.7
"50021",47.3,37.9
"50023",45.2,37.4
"50025",48.2,39.1
"50027",47.2,37.9
"51001",63.3,54.7
"51003",58.9,52.5
"51005",56.1,47.3
"51007",60.3,53.2
"51009",58.4,51.3
"51011",59.3,52.1
"51013",59.6,52.1
"51015",56.1,49.3
"51017",55,47.1
"51019",59.4,51.4
"51021",54.1,46.4
"51023",58,49.1
"51025",61.9,53.7
"51027",57.8,48.7
"51029",59.5,52.5
"51031",60.4,52.5
"51033",60.1,52.6
"51035",55.7,48
"51036",62.9,54.5
"51037",60.5,52.5
"51041",61.2,53.6
"51043",56.9,49.7
"51045",56.3,47.4
"51047",58.3,51.3
"51049",59.8,52.7
"51051",57.5,48.8
"51053",62,53.9
"51057",60.8,52.8
"51059",59.3,52
"51061",58,51.2
"51063",54.9,47.8
"51065",59.5,52.8
"51067",58.8,51.2
"51069",56,48.8
"51071",54.8,46.8
"51073",62.9,54.5
"51075",59.8,52.8
"51077",54,46.2
"51079",57.7,51.3
"51081",62.6,54.1
"51083",61,52.6
"51085",60.5,53.1
"51087",61.2,53.6
"51089",60,52
"51091",52.4,46
"51093",63.6,55.3
"51095",63.2,54.8
"51097",61.2,53.1
"51099",60.8,53.2
"51101",61.1,53.2
"51103",61.8,53.3
"51105",58,48.2
"51107",57.9,50.8
"51109",58.8,51.8
"51111",60.7,52.9
"51113",57.1,50.7
"51115",63.1,54.6
"51117",61.4,53.3
"51119",62.1,53.6
"51121",56.3,48.7
"51125",58,51.2
"51127",61.8,53.6
"51131",63.7,55.2
"51133",61.9,52.8
"51135",60.6,53.1
"51137",58.4,51.4
"51139",55.7,49.6
"51141",58.2,50.1
"51143",60.1,51.8
"51145",60.2,53.2
"51147",59.8,52.4
"51149",63.1,54.6
"51153",59.5,52.3
"51155",55.7,48.1
"51157",56.6,50
"51159",60.9,52.6
"51161",58.2,50
"51163",56.9,49.2
"51165",56.1,49.4
"51167",57.3,48.6
"51169",58.6,49.2
"51171",55.7,49.6
"51173",55.4,47.4
"51175",63,54.6
"51177",58.8,51.5
"51179",59.9,52.6
"51181",63.5,55.1
"51183",63,54.7
"51185",54.9,46.9
"51187",56.4,49.9
"51191",57.9,49.2
"51193",61.3,52.8
"51195",56.5,47.5
"51197",55.1,47.6
"51199",63.6,55.3
"51510",60,52.6
"51520",59.3,50.3
"51530",57.9,50.4
"51540",59.3,53
"51550",64.7,56.2
"51570",62.4,53.8
"51580",57.3,48.3
"51590",60.8,52.8
"51595",62.7,54.1
"51600",59.1,51.8
"51610",59.1,51.7
"51620",63,54.7
"51630",59.6,52.3
"51640",55.5,47.8
"51650",64.3,55.8
"51660",57.2,50.3
"51670",62.8,54.2
"51680",59.9,52.7
"51683",59.2,52.1
"51685",59.2,52
"51690",60,52
"51700",64.2,55.7
"51710",65.4,56.8
"51720",56.5,47.7
"51730",62.5,54
"51735",64.2,55.8
"51740",65.2,56.6
"51750",56.2,48.7
"51760",61.1,53.6
"51770",59.4,51.3
"51775",59.3,51.3
"51790",57.2,50.3
"51800",63.6,55.3
"51810",65.9,57.2
"51820",57.4,50.9
"51830",63.2,55
"51840",56.5,49.1
"NA001",49.9,38.6
"NA003",49.6,38.4
"NA005",53.9,41.4
"NA007",44.8,32.8
"NA009",49.9,41.5
"NA011",53.7,43.9
"NA013",49.2,38.4
"NA015",51.7,42.4
"NA017",49.4,35.1
"NA019",42.9,31.1
"NA021",53.3,40.9
"NA023",49.2,38.8
"NA025",51.6,38.7
"NA027",52,43.6
"NA029",51.9,44.7
"NA031",48.1,39.2
"NA033",49.5,40.8
"NA035",53,44.8
"NA037",47.4,35
"NA039",51.2,38.6
"NA041",49.3,39.7
"NA043",46.5,35.5
"NA045",51.1,42.2
"NA047",43.9,31.2
"NA049",52.6,44.4
"NA051",41.7,32
"NA053",48.8,39.9
"NA055",51.2,44.2
"NA057",47.2,38.4
"NA059",48.4,38.1
"NA061",48,39.4
"NA063",46.6,37
"NA065",44.6,33.1
"NA067",52.1,43.1
"NA069",52.5,44.4
"NA071",54,42.3
"NA073",45.6,36.5
"NA075",48.9,39.5
"NA077",48.7,36.5
"NA001",55.1,47.3
"NA003",56.2,48.6
"NA005",57.6,49.5
"NA007",56.8,48.6
"NA009",54.4,47
"NA011",57.7,49
"NA013",56.4,48.3
"NA015",57.6,49.1
"NA017",55.6,47.4
"NA019",56.3,47.8
"NA021",56.4,48.1
"NA023",53.9,46.6
"NA025",54.1,45.9
"NA027",55.6,47.8
"NA029",53.6,46.4
"NA031",55,47.7
"NA033",55.6,47.5
"NA035",56.6,48.4
"NA037",56.8,49.3
"NA039",57.7,49.5
"NA041",56,48
"NA043",58.2,50
"NA045",58.3,50.1
"NA047",56.8,48.3
"NA049",54.8,47.1
"NA051",54,46.3
"NA053",56.5,47.4
"NA055",54.2,46.3
"NA057",55.7,47.6
"NA059",58.8,50.3
"NA061",54.4,46.9
"NA063",55.3,47.3
"NA065",55.6,48.2
"NA067",55.8,46.8
"NA069",54.2,46.7
"NA071",53.4,46.5
"NA073",55.3,48
"NA075",51,43.4
"NA077",53.3,45.9
"NA079",57.5,48.8
"NA081",55.5,47.5
"NA083",51.8,44.4
"NA085",55.6,47.9
"NA087",56.7,48.8
"NA089",56,48
"NA091",55.2,47.2
"NA093",52.2,44.9
"NA095",55.3,47.4
"NA097",54.6,47.2
"NA099",58,49.7
"NA101",53.1,45.6
"NA103",54.4,46.5
"NA105",56.2,48.5
"NA107",56.2,48.8
"NA109",56.7,48.3
"NA001",42.6,40.6
"NA003",37.3,35.1
"NA005",39.1,35.7
"NA007",38.1,35.1
"NA009",43.5,41
"NA011",42.5,39
"NA013",38.9,35.4
"NA015",43.7,41.3
"NA017",40.2,37.2
"NA019",40.2,37.7
"NA021",44.4,41.9
"NA023",44.6,41.1
"NA025",45.4,42.7
"NA027",44.3,41.7
"NA029",43,40.2
"NA031",38.4,34.2
"NA033",40.8,37.9
"NA035",41.2,38.2
"NA037",37.5,35.6
"NA039",44.2,41.7
"NA041",36.7,34.7
"NA043",45.4,42
"NA045",46.2,42.9
"NA047",43.6,41
"NA049",45.1,41.8
"NA051",36.4,34.2
"NA053",41.7,39.4
"NA055",45.5,43.4
"NA057",42.6,40.7
"NA059",47.7,45
"NA061",43.8,40.6
"NA063",43,40
"NA065",46,42.6
"NA067",38.3,35.8
"NA069",38.2,35.6
"NA071",44.2,41.2
"NA073",40.1,37.3
"NA075",40.2,38
"NA077",43.3,40.9
"NA078",41,38.2
"NA079",46.9,44.7
"NA081",41.5,39.5
"NA083",41.4,38.9
"NA085",36.5,34.6
"NA087",43.2,40.7
"NA089",45.3,43
"NA091",42.2,38.8
"NA093",41.8,38
"NA095",39.7,36.2
"NA097",42.2,39.3
"NA099",37.2,35
"NA101",46.9,44.6
"NA103",44.3,41.2
"NA105",46.3,43.4
"NA107",39.3,36.2
"NA109",41,37.3
"NA111",44.1,41.4
"NA113",37.8,34.8
"NA115",41.9,39
"NA117",44.4,42.2
"NA119",38.7,35.8
"NA121",42.6,39.3
"NA123",42.8,39.8
"NA125",35.8,33.8
"NA127",46.2,43.7
"NA129",38.1,34.8
"NA131",44.1,41.3
"NA133",45.4,43.1
"NA135",43.1,40.2
"NA137",43,40.7
"NA139",44,41.6
"NA141",41.4,39.2
"NA001",40.7,34.3
"NA003",40.5,33.2
"NA005",41.2,37.4
"NA007",42.6,33.5
"NA009",41.8,37
"NA011",39.6,37.1
"NA013",41.4,31.5
"NA015",43.6,39.8
"NA017",42.9,33.5
"NA019",41,35.8
"NA021",44,39
"NA023",41.3,28.2
"NA025",42.7,35.6
"NA027",41.4,37.2
"NA029",37.8,29.5
"NA031",44.4,39.7
"NA033",40.3,35.3
"NA035",38.1,25.4
"NA037",43.3,31.4
"NA039",36.4,23.8
"NA041",43.3,30.4
"NA043",42.4,34.7
"NA045",39.8,36.6
"NA013",40.7,34.2
"NA016",41.6,37.1
"NA020",31.6,20.5
"NA050",34.7,21
"NA060",38.4,27.2
"NA068",25.4,9.4
"NA070",36.9,24.5
"NA090",25.2,6
"NA100",32.7,19.9
"NA105",36.8,26.1
"NA110",33.9,22.2
"NA122",34.1,23.3
"NA130",39.1,30.5
"NA150",39.9,31.4
"NA158",35.4,22.7
"NA164",37.6,26.9
"NA170",29,14.8
"NA180",32.2,20
"NA185",19.6,7
"NA188",26,11.1
"NA195",35.7,26
"NA198",42.3,34.5
"NA220",40.3,31.6
"NA230",29.1,16.9
"NA240",22.6,2.4
"NA261",25.9,10.2
"NA275",38.5,30.2
"NA282",33.4,20.9
"NA290",24.8,5.9
